종목코드,3개월수익률(%),6개월수익률(%),12개월수익률(%),평균거래대금(억원)
000020,-18.46,-18.05,-27.36,19.8
000040,-40.67,-41.19,-46.71,0.6
000050,-15.41,-1.98,10.24,6.1
000070,-17.17,-3.34,-1.96,6.7
000080,-11.23,-15.56,-25.43,24.3
000087,-12.73,-15.09,-23.88,0.4
000100,-20.99,-30.78,-38.81,233.6
000105,-21.36,-34.33,-39.33,2.0
000120,-24.51,-24.73,-14.11,51.1
000140,-10.39,-14.29,-22.47,3.3
000145,-22.84,-23.6,-27.43,0.0
000150,-22.71,25.9,108.95,1480.6
000155,-31.4,-21.55,8.78,104.3
000157,-33.14,-22.35,-13.55,8.0
000180,-26.25,-25.26,-32.53,1.1
000210,-26.38,30.83,-4.9,56.5
000215,-28.29,-4.18,-22.14,1.0
000220,-16.74,-19.17,-20.68,13.4
000225,-17.92,-25.2,-26.99,1.8
000227,-32.63,-31.81,-31.1,0.2
000230,-37.2,-46.83,-29.97,1.8
000240,1.21,-5.83,4.16,38.8
000270,-14.93,-17.92,25.36,2158.2
000300,0.0,0.0,111.69,0.0
000320,-27.05,-22.98,-28.93,2.4
000325,-25.43,-23.15,-26.8,0.0
000370,-11.62,-1.0,-6.32,52.3
000390,-36.93,-11.96,-3.4,13.2
000400,6.76,33.68,27.51,24.4
000430,-20.98,-19.73,-3.93,26.3
000480,-6.67,-0.64,-13.56,2.3
000490,-32.34,-33.46,-29.81,22.6
000500,68.71,277.29,443.05,683.2
000520,-28.15,-22.76,-35.0,12.3
000540,-29.36,-9.86,-33.88,4.9
000545,-25.76,-27.43,-37.45,0.1
000590,-14.43,-13.0,-24.13,0.6
000640,-15.37,-19.61,-27.27,14.1
000650,-27.48,-49.13,246.5,103.7
000660,43.94,129.34,561.28,120297.6
000670,-48.31,-36.71,-17.65,14.0
000680,-24.22,-16.43,-25.57,14.0
000700,-4.6,-0.5,-1.31,2.0
000720,-38.61,-2.75,58.98,1103.0
000725,-35.83,-25.68,-13.27,4.3
000760,-22.34,-15.62,-2.42,0.2
000810,41.23,30.89,41.23,1030.8
000815,8.45,7.57,16.03,77.8
000850,-14.95,-17.77,-0.46,16.6
000860,-30.99,-30.12,-4.05,3.1
000880,-26.77,-19.46,0.52,284.1
00088K,-34.06,-33.73,-20.24,30.1
000890,-33.55,-31.61,-39.18,96.2
000910,-38.5,-36.33,-42.37,3.3
000950,-21.8,-27.66,-25.94,1.2
000970,-9.32,-2.36,-9.19,2.5
000990,-34.21,9.89,120.75,1114.4
001020,-38.92,-32.89,-44.26,0.7
001040,-39.36,-31.61,-13.71,265.4
001045,-24.67,-25.9,-20.16,3.5
00104K,-29.99,-19.82,1.0,14.8
001060,-25.23,-15.85,6.15,14.4
001065,-21.24,-25.18,-29.7,0.0
001067,-19.74,-26.89,-31.39,0.0
001070,-5.54,-2.62,-6.1,1.1
001080,-22.45,-24.77,64.62,3.0
001120,-26.68,8.71,17.14,67.4
001130,-28.5,-21.25,-27.43,3.0
001200,-18.13,12.6,14.75,72.5
001210,-3.35,-10.33,-15.34,144.7
001230,-31.0,8.4,-9.99,11.4
001250,-33.03,24.46,7.01,48.6
001260,-25.05,-10.98,-16.38,32.9
001270,-28.4,-22.9,-10.59,6.9
001275,-16.74,4.66,14.74,1.4
001290,-46.52,5.0,0.14,7.5
001340,-36.05,-16.58,-17.56,41.3
001360,-41.43,-19.47,-21.36,10.7
001380,-37.36,-56.13,-59.11,1.8
001390,-31.67,-20.85,-12.77,17.1
001420,-6.13,-10.19,-24.71,1.2
001430,-50.63,-53.2,5.09,135.0
001440,-34.42,2.93,77.62,2563.5
001450,32.08,44.36,50.84,226.5
001460,-35.76,-22.05,-18.96,1.6
001465,-30.25,-0.21,-8.77,0.3
001470,0.0,0.0,0.0,0.0
001500,-29.45,-12.57,-12.86,26.7
001510,-43.15,46.31,52.19,396.9
001515,-65.19,-13.39,-11.87,5.0
001520,-30.68,-32.03,-11.99,7.1
001525,-2.47,-11.53,-3.67,0.2
001527,-48.16,-57.78,-56.72,0.1
001530,-25.04,19.9,-40.53,17.4
001550,-31.97,-6.26,-22.2,6.7
001560,-27.73,-11.86,-11.12,0.4
001570,0.0,0.0,0.0,0.0
001620,-33.96,-21.04,-15.54,1.2
001630,-22.48,-20.1,-24.71,3.1
001680,-15.84,-19.09,-23.61,17.6
001685,-15.56,-16.01,-18.64,0.9
001720,-29.05,-13.99,2.0,34.9
001740,35.21,63.58,67.69,1411.2
001750,-35.64,1.04,8.33,6.3
001755,-35.55,5.58,14.61,0.7
001770,-63.43,-65.65,-68.3,1.0
001780,-35.51,-25.71,-30.89,35.9
001790,-13.88,-6.46,-15.01,14.0
001795,-17.84,-17.84,-18.81,2.3
001800,3.21,22.33,15.21,42.0
001820,26.89,159.49,209.79,1337.5
001940,-6.36,-0.96,0.78,2.0
002020,-57.05,-47.3,-51.77,51.9
002025,-54.28,-45.87,-45.98,1.3
002030,-28.74,-33.25,-43.48,8.4
002070,-43.5,-63.99,-73.88,10.5
002100,-8.67,0.77,-6.24,5.7
002140,-16.87,-2.7,-18.47,28.8
002150,-29.39,-18.55,-25.37,5.1
002170,-7.7,1.62,1.99,1.8
002200,-18.51,-27.99,-22.24,3.0
002210,0.0,0.0,0.0,0.0
002220,-44.07,-37.99,7.28,13.6
002240,-30.68,-22.21,-8.95,7.6
002310,-19.36,-3.81,-6.88,10.9
002320,-21.64,-22.95,-27.04,4.8
002350,-9.86,-16.85,12.46,9.8
002355,-10.8,2.24,13.95,0.5
002360,-42.62,-41.99,-55.51,1.4
002380,-24.33,-11.17,15.01,189.1
002390,-16.76,-20.42,-27.88,2.4
002410,0.0,0.0,0.0,0.0
002420,-10.59,4.89,-8.04,3.7
002450,-10.36,-3.35,-12.79,4.5
002460,-11.49,-8.24,1.35,2.8
002600,-6.62,-14.17,-9.82,0.1
002620,-23.74,-15.3,-21.81,1.0
002630,-12.03,-10.09,-28.05,3.7
002690,-9.55,-5.71,-5.94,1.3
002700,-28.89,-19.77,-27.91,40.0
002710,-51.24,-42.18,-50.47,17.6
002720,-30.67,-26.83,-31.68,3.3
002760,-12.5,-11.49,-0.79,3.1
002780,-24.19,7.05,2.65,57.7
002785,-51.28,-53.46,-53.07,0.5
002787,-53.03,-55.61,-52.8,0.4
002790,-19.6,-15.83,-22.93,33.5
002795,-14.49,-14.08,-15.25,1.3
00279K,-15.92,-7.62,-12.15,1.6
002810,14.67,37.21,38.62,4.6
002820,-5.75,-4.97,-23.24,0.5
002840,-11.97,-12.4,-21.63,6.5
002870,-11.27,-9.67,-14.24,3.2
002880,-15.33,-28.82,-36.69,11.3
002900,-13.3,-3.03,26.53,25.8
002920,-9.83,-18.7,-25.29,0.6
002960,5.79,20.05,11.32,18.2
002990,86.92,136.05,193.35,594.0
002995,23.96,16.19,58.42,7.0
003000,-48.76,-0.51,15.78,28.2
003010,-36.89,-17.04,-16.89,22.3
003030,-49.68,-19.72,-50.02,44.0
003060,-47.88,-72.97,-79.23,10.5
003070,-22.82,-0.89,-8.13,4.5
003075,-25.89,-16.85,-19.71,0.3
003080,-18.67,-20.43,-22.67,1.2
003090,-26.55,-26.07,-31.04,12.2
003120,-10.99,-4.18,-21.48,1.7
003160,-43.43,-30.74,45.19,91.3
003200,-22.6,-20.57,-5.75,11.9
003220,-29.83,-33.71,-42.07,15.1
003230,-12.47,-6.8,-13.98,677.0
003240,-27.5,9.86,-14.57,22.7
003280,-39.87,18.31,6.74,450.7
003300,-0.23,11.17,-3.74,3.6
003350,-24.61,-21.24,-37.9,11.8
003460,-13.88,9.75,5.56,3.8
003465,-9.54,13.65,12.61,0.2
003470,-14.07,10.53,16.15,157.3
003475,-5.17,4.98,11.49,4.4
003480,-22.51,-3.62,-12.64,3.4
003490,2.41,5.6,4.52,715.8
003495,-8.23,-8.03,-12.83,1.1
003520,-32.71,-36.36,-44.16,4.7
003530,-44.69,-21.51,-30.91,205.2
003535,-42.72,-36.1,-33.12,2.9
003540,-33.63,-12.41,-5.16,41.2
003545,-18.47,-10.9,-3.0,17.2
003547,-17.06,-9.43,1.0,5.5
003550,1.98,4.93,23.3,958.1
003555,-8.82,-11.46,0.63,22.8
003570,-39.97,-30.97,-33.08,32.5
003580,-44.88,-52.02,-53.13,4.7
003610,-1.85,-3.46,20.59,6.7
003620,-33.01,-20.57,-22.65,28.8
003650,17.18,14.24,22.36,4.4
003670,-43.81,-33.83,-4.71,671.3
003680,47.28,40.71,48.14,94.3
003690,12.86,25.79,26.47,65.7
003720,-45.45,9.01,54.53,95.8
003780,-28.97,-38.52,-27.19,13.4
003830,-8.2,-2.52,-17.83,0.4
003850,-18.88,-10.23,-7.72,11.9
003920,-17.18,-13.7,-32.15,5.5
003925,-19.64,-6.79,-22.56,1.5
003960,-9.23,-16.43,-28.4,2.6
004000,-23.41,1.84,11.22,35.7
004020,-34.71,-20.6,-26.2,331.7
004060,-51.94,-27.69,-29.64,8.5
004080,0.07,3.55,-2.51,0.9
004090,-25.65,-14.19,-13.89,58.5
004100,-35.03,5.11,0.21,23.8
004105,-35.82,-8.18,-12.44,2.4
004140,-38.5,-26.9,-45.98,9.6
004150,-6.87,-1.61,-8.13,23.1
004170,23.83,73.79,185.71,571.0
004250,-25.0,-20.84,-35.5,1.7
004255,-17.4,-17.92,-26.08,0.3
004270,8.09,-0.75,-23.66,0.8
004310,-29.28,-48.91,53.52,299.5
004360,-16.77,-6.96,-10.03,6.1
004365,-4.96,5.86,-7.4,0.4
004370,-3.67,-10.8,-5.28,96.8
004380,-33.45,-39.07,-39.07,18.7
004410,-36.96,-31.31,-36.56,8.0
004415,-44.68,-45.41,-47.91,0.2
004430,19.92,39.56,10.92,24.2
004440,-34.61,-11.11,-2.29,9.0
004450,-11.23,-10.45,-28.61,0.2
004490,-17.26,-17.13,-26.52,34.7
004540,-38.42,-36.84,-42.34,6.2
004545,-52.74,-55.44,-58.37,0.3
004560,-31.32,-9.84,-11.87,17.3
004690,-17.22,-9.63,-18.08,15.3
004700,-5.99,-12.62,-7.47,1.5
004710,5.09,36.51,27.88,251.0
004720,-11.0,-18.48,-19.44,2.1
004770,-10.02,-0.43,-11.49,3.9
004800,-8.3,1.55,104.17,99.8
004830,-32.96,-32.34,-44.62,9.1
004835,-41.25,-44.3,-50.62,0.9
004840,-19.2,-12.9,-19.5,1.5
004870,-26.72,-54.25,-68.81,25.1
004890,-6.59,-6.71,-23.88,0.6
004910,-29.71,-29.35,-41.25,1.3
004920,-16.68,-19.76,-16.61,2.3
004960,-31.81,-0.2,24.97,10.3
004970,-4.32,2.99,-7.46,1.4
004980,-29.1,-17.42,-15.47,19.8
004985,-29.93,-22.58,-24.89,0.8
004990,-19.0,-22.48,-20.24,70.0
00499K,-21.35,-21.35,-33.38,0.4
005010,-28.93,-8.33,-19.94,46.2
005030,0.0,0.0,0.0,0.0
005070,-44.78,-27.89,-9.47,83.1
005090,-22.24,132.55,93.33,52.7
005110,0.0,0.0,0.0,0.0
005180,-11.67,-13.17,-19.66,24.1
005250,-33.7,-37.11,-42.29,52.2
005257,-34.65,-37.42,-50.02,0.7
005300,-19.22,-23.84,-24.53,26.6
005305,-17.74,-14.09,-11.39,1.3
005320,-28.44,-5.21,-27.01,1.3
005360,-0.74,-7.29,-15.62,42.3
005380,-21.83,-21.37,85.22,9285.5
005385,-20.16,-30.11,20.27,345.6
005387,-19.96,-31.79,16.73,520.6
005389,-20.08,-30.06,17.15,48.6
005420,-49.34,-41.51,-42.71,24.2
005430,34.13,16.35,17.73,16.3
005440,-17.23,40.32,40.32,40.1
005490,-24.58,-14.95,-5.86,1742.6
005500,-5.6,-8.45,-11.97,51.3
005610,-22.67,-24.26,-31.28,2.8
005680,-11.11,19.89,19.13,18.2
005690,-42.07,-22.98,-15.14,112.7
005720,-14.36,6.9,-6.34,2.4
005725,-5.29,1.36,-2.18,0.1
005740,-19.77,-14.33,-28.1,3.8
005745,-31.91,-33.85,-43.96,0.1
005750,-27.25,-10.63,-2.44,1.8
005800,-13.32,-12.52,-0.75,0.8
005810,-22.07,-11.51,-30.8,16.3
005820,-20.72,-7.13,-17.16,0.4
005830,-4.06,29.15,25.11,366.3
005850,-10.69,-3.55,59.0,135.9
005870,-53.93,-41.03,-52.75,8.9
005880,-32.48,-0.48,0.97,110.1
005930,13.67,64.04,278.6,90424.6
005935,15.22,59.12,225.55,9831.0
005940,-17.24,21.04,40.34,300.4
005945,-12.41,13.52,42.73,15.4
005950,51.82,50.85,124.37,192.3
005960,-27.18,24.4,24.86,7.4
005965,-22.02,-16.38,-17.07,0.3
006040,-9.41,-14.99,-23.84,23.7
006060,-28.55,-29.47,-46.47,3.6
006090,-0.96,-3.29,-18.21,0.8
006110,-51.21,32.88,50.11,158.7
006120,-9.09,-15.61,-6.69,20.9
006125,-10.4,-4.89,-6.77,1.2
006200,-43.77,-29.55,-38.82,1.6
006220,-28.9,-25.46,-40.89,146.5
006260,-22.96,34.65,74.04,948.1
006280,-13.44,-23.41,-18.99,75.0
006340,52.22,276.68,383.45,1582.3
006345,82.2,190.4,180.27,169.9
006360,-25.77,57.63,50.87,564.2
006370,-17.1,2.0,-19.46,5.1
006380,0.0,0.0,0.0,0.0
006400,-33.23,14.75,125.5,3373.0
006405,-40.06,-10.46,47.81,34.8
006490,-60.0,-73.33,-83.31,2.2
006570,1.49,-7.9,-28.67,0.7
006650,-37.45,-37.77,-2.54,49.9
006660,-1.66,-10.24,-9.12,188.9
006740,-33.17,-49.48,-59.39,0.8
006800,-44.84,6.5,84.38,1949.5
006805,-40.85,-19.01,37.75,24.3
00680K,-38.95,-7.24,40.39,115.4
006840,-26.09,-21.39,-47.17,1.1
006880,-32.8,-31.16,-40.24,3.1
006890,-36.53,-26.36,-48.42,5.5
006980,-28.75,2.29,-4.95,1.0
007070,10.52,22.04,53.37,56.9
007110,-51.06,-49.41,-60.97,7.3
007120,-45.15,6.1,11.33,1.4
007160,-12.8,-19.38,-4.18,2.8
007210,-31.94,-14.73,-34.43,4.5
007280,-37.03,-30.86,-33.22,0.9
007310,-13.43,-18.41,-19.85,17.9
007340,-9.43,51.95,25.08,91.1
007460,-55.33,-79.7,-79.19,32.3
007540,-18.09,-11.01,-11.01,2.7
007570,-31.0,-44.04,-46.42,5.3
007575,-34.94,-52.29,-56.39,0.1
007590,-7.32,-4.46,-11.73,0.5
007610,-13.98,-13.98,-13.98,310.1
007660,-43.29,-27.44,43.8,1376.2
007690,-6.37,7.75,-2.01,8.2
007700,-27.41,-29.79,-26.1,3.4
007810,-41.68,-10.22,405.76,352.0
007815,-28.7,-15.49,150.49,0.5
00781K,-24.11,-5.79,113.28,0.5
007860,-21.14,-31.82,-27.95,7.2
007980,-21.58,-9.87,15.28,4.7
008040,-23.04,-26.12,-28.64,4.3
008060,-18.73,40.74,71.46,24.3
00806K,-7.25,18.0,24.85,1.4
008250,-31.63,-33.25,-48.35,0.9
008260,-18.13,-9.32,-17.26,4.0
008350,-51.78,-11.36,-11.07,68.9
008355,-47.96,-49.32,-42.19,0.2
008420,-11.02,3.88,-12.3,11.1
008490,5.54,-0.48,1.72,8.8
008600,0.0,-1.39,-38.8,0.0
008700,-26.08,-21.48,-21.54,12.2
008730,-48.42,-49.93,-56.4,15.2
008770,-24.4,1.73,-8.37,179.6
008775,-24.27,-16.64,-39.74,0.7
008870,-11.74,-19.09,-31.41,0.3
008930,-11.28,-14.36,-30.38,47.0
008970,-41.86,-42.04,-69.19,20.9
009070,-35.31,-38.12,-35.83,7.9
009140,-4.56,11.0,5.77,4.0
009150,68.27,387.5,882.95,18733.8
009155,51.38,280.0,647.19,613.9
009160,-18.81,-5.03,-7.17,10.1
009180,-13.12,0.36,-9.45,3.4
009190,14.83,31.57,9.56,19.1
009200,-25.37,-21.59,-31.51,2.5
009240,-3.06,-16.39,-16.85,21.7
009270,-25.76,-27.54,-37.48,6.8
009290,-29.66,1.02,-3.26,13.7
009310,400.47,373.36,305.32,0.0
009320,-8.09,-12.26,-3.4,3.2
009410,-16.35,4.05,-25.04,7.7
009415,-47.81,-24.48,15.96,5.7
009420,-9.69,-7.36,59.59,299.7
009440,0.0,0.0,0.0,0.0
009450,-8.68,14.19,-25.57,39.0
009460,6.07,13.58,-18.62,1.0
009470,-51.05,-46.32,-16.2,96.4
009540,-21.85,-14.68,5.08,948.3
009580,-42.47,-28.72,-38.41,5.5
009680,-10.19,-3.42,-6.62,2.5
009770,-15.63,-13.98,-10.34,0.5
009810,-20.73,-28.46,-48.14,0.4
009830,-35.55,7.09,-18.45,809.5
009835,-29.8,-12.52,-33.3,3.3
009900,-42.33,-27.46,-17.72,24.4
009970,-3.55,3.72,51.98,33.5
010040,-28.29,-28.99,-38.64,0.9
010060,-34.9,102.27,157.2,886.4
010100,-21.04,-44.5,-19.44,25.5
010120,-10.82,98.43,251.3,2812.8
010130,-34.53,-31.96,31.58,307.2
010140,-33.43,-24.67,21.36,1441.0
010400,15.64,17.49,88.91,1.0
010580,-25.98,-42.38,-4.62,9.5
010640,-28.19,-43.13,-49.69,4.3
010660,-46.96,-54.46,-47.37,14.9
010690,-36.43,-19.06,-10.74,136.3
010770,-1.27,-1.02,-24.86,3.9
010780,-32.34,-16.21,-9.13,28.4
010820,-58.61,39.5,34.64,116.2
010950,26.63,51.96,142.7,507.5
010955,21.22,36.13,65.36,13.6
010960,-22.53,-18.45,-9.77,79.6
011000,164.09,48.91,16.34,65.9
011070,15.31,125.63,307.7,4293.9
011090,-40.42,-51.7,-60.09,7.1
011150,-26.59,-28.67,-31.69,2.2
011155,-49.37,-55.04,-61.26,0.1
011170,-36.81,-23.91,-7.84,148.8
011200,2.61,6.39,-11.99,302.7
011210,-31.56,-35.46,10.98,200.3
011230,4.09,-9.95,-47.44,109.8
011280,-22.11,-20.05,-18.28,2.5
011300,-23.73,-30.05,-39.46,1.9
011330,-40.41,-66.68,-77.97,3.1
011390,-47.1,-48.19,-55.78,3.4
011420,-22.12,-29.41,-38.59,1.7
011500,-51.1,-48.59,-19.8,23.4
011690,-60.86,-24.88,-3.81,40.0
011700,-48.84,-44.77,-35.95,24.8
011760,-26.18,3.31,-11.36,10.8
011780,-6.75,-15.49,0.08,124.0
011785,-15.38,-29.33,-22.75,3.8
011790,-29.54,-22.98,-17.35,970.7
011810,0.0,0.0,0.0,0.0
011930,-59.7,-4.17,3.01,134.3
012030,-26.82,-4.04,12.7,31.2
0120G0,-47.93,-56.04,,15.0
012160,-4.41,1.84,-19.42,1.8
012170,-48.1,-62.94,-73.54,5.5
012200,-38.43,-53.0,186.2,265.0
012205,-22.28,-1.14,97.44,59.0
012280,-24.33,-14.84,-2.28,2.6
012320,-34.61,-19.57,-31.06,7.1
012330,14.08,5.36,62.02,4155.7
012450,-33.08,-21.99,3.6,2556.7
012510,0.59,30.86,50.0,34.9
012610,-40.56,-37.32,-12.33,36.7
012630,-16.52,27.78,3.84,22.3
012690,-37.75,-35.53,-45.21,39.4
0126Z0,-32.32,-39.11,,241.2
012750,-15.77,-3.66,3.95,62.8
012800,-25.29,-18.19,-32.42,37.1
013000,4.28,7.83,12.32,3.5
013360,-32.15,-33.9,-12.64,30.7
013520,-14.24,8.82,30.82,5.0
013570,-25.68,-24.8,-16.74,4.2
013580,-36.14,-9.93,-3.77,60.0
013700,1.62,16.95,25.34,7.2
013870,-22.63,-16.74,-5.9,1.8
013890,-30.57,-31.45,-58.38,3.1
014130,-9.91,-8.45,-28.11,0.8
014160,-42.24,-32.95,-40.17,6.4
014280,-23.58,-34.36,-15.36,11.1
014285,-23.31,-36.36,-23.31,0.2
014440,-4.95,-3.22,0.44,1.3
014530,-18.93,-4.12,-7.66,6.9
014580,-14.32,-11.01,-23.05,4.4
014680,-23.04,-16.17,27.47,210.3
014710,16.81,0.11,9.27,1.7
014790,-27.64,-7.57,-3.39,3.0
014820,-29.15,-27.2,-35.15,12.7
014825,-18.44,-23.26,-25.03,0.0
014830,-32.62,-18.7,-27.21,17.0
014910,1.12,-17.77,48.07,115.3
014915,6.71,-0.21,7.43,2.0
014990,-50.49,-51.79,-68.2,2.2
015020,0.0,-19.44,-30.33,0.0
015230,-17.55,-11.49,-5.86,4.3
015260,-42.25,-2.84,-16.84,5.6
015360,-9.95,7.07,16.99,6.6
015590,-56.57,-56.57,-56.57,11.1
015760,-23.38,-42.16,-7.93,853.1
015860,-39.25,-21.88,0.52,35.4
015890,-10.1,-3.34,-13.62,2.6
016090,-16.68,-9.66,-23.25,2.9
016360,-10.13,16.49,38.54,871.9
016380,-16.23,-6.18,-16.77,36.4
016450,-5.86,7.81,2.67,1.0
016580,-7.43,-8.04,-18.54,4.4
016590,-22.9,-17.64,-1.25,2.4
016610,-36.51,-26.37,-4.63,14.2
016710,-19.42,-20.16,-28.04,1.9
016740,-28.66,-22.32,-5.15,5.8
016800,-27.19,-38.1,-43.72,0.4
016880,-23.43,-7.56,-23.84,8.3
017040,0.0,-36.81,-16.26,0.0
017180,-32.03,-32.6,-26.28,5.8
017370,-34.31,-35.97,-48.73,2.0
017390,-11.76,-14.88,-11.9,3.7
017550,-51.93,-9.27,-13.82,72.3
017670,0.0,59.49,80.18,1483.0
017800,-27.83,-25.75,-15.14,168.2
017810,-26.47,-31.98,-35.35,5.0
017860,-54.76,-39.04,-55.77,23.1
017900,-43.95,202.39,199.84,469.5
017940,-7.53,10.13,8.86,11.9
017960,-53.35,-32.19,-13.19,134.3
018250,-26.0,-11.29,-31.11,6.9
018260,23.38,20.06,31.27,1485.3
018470,-48.56,-27.58,-40.22,23.2
018500,-20.78,-20.23,-6.17,3.6
018670,-1.73,10.37,-4.84,43.7
018880,-16.43,4.28,15.26,1174.4
019170,-31.98,-38.08,-38.03,16.7
019175,-36.81,-36.94,-50.33,0.6
019180,-21.8,-23.97,97.59,30.8
019490,0.0,0.0,-13.58,0.0
019680,-41.34,-46.32,-61.59,1.1
019685,-32.7,-39.76,-45.44,0.3
020000,-20.31,32.73,23.13,28.3
020120,-9.59,9.95,-4.59,4.4
020150,-55.73,-22.49,19.64,176.3
020560,-3.93,-11.27,-28.65,15.6
020760,0.0,0.0,2.5,0.0
021050,-30.28,-17.24,-25.57,14.5
021240,6.87,18.6,-14.45,232.0
021820,-33.71,-19.95,-7.02,2.0
022100,-44.8,-51.49,-25.54,196.6
023000,-8.77,-8.77,-14.65,0.8
023150,-14.66,-11.58,-26.72,0.9
023350,-22.35,-11.45,-20.23,2.9
023450,-5.9,-10.31,-11.28,0.6
023530,-5.34,59.57,74.14,275.9
023590,-18.9,-6.47,8.32,26.3
023800,-28.27,-23.99,-9.27,5.3
023810,-43.43,-51.51,-22.05,3.0
023960,-28.52,-30.84,-21.88,2.0
024070,-15.29,5.61,-1.0,2.5
024090,-13.03,-9.95,-19.43,0.8
024110,-4.47,1.43,7.56,292.1
024720,-13.23,-11.63,-39.1,5.7
024890,-35.54,-33.49,-35.54,2.9
024900,-22.18,-19.78,-29.02,3.0
025000,-4.89,5.76,-0.7,2.4
025530,-6.98,-5.61,-6.49,0.7
025540,-26.11,-16.2,-2.32,17.6
025560,150.45,226.17,316.25,88.4
025620,-52.05,-59.7,-40.82,4.2
025750,-29.31,-37.44,-48.16,1.0
025820,-25.51,-28.56,-23.52,51.0
025860,-34.8,-12.56,-18.34,94.9
025890,7.69,23.96,18.39,0.7
026890,-19.9,-29.32,-22.44,8.0
026940,-26.23,-4.4,-18.03,75.3
026960,-1.69,-0.38,-15.53,24.9
027410,-20.68,0.76,-2.44,8.6
027740,-40.19,-34.97,-46.04,5.5
027970,-31.89,-32.15,-36.11,1.1
028050,-9.33,76.3,96.29,1265.2
028100,-9.69,-5.15,-1.76,6.7
028260,9.79,11.95,102.85,3010.7
02826K,2.24,7.78,69.42,35.5
028670,-6.22,19.05,22.93,149.8
029460,-30.23,-5.14,22.03,12.7
029530,-20.41,-13.11,-20.72,4.9
029780,-9.29,-11.59,-7.22,78.8
030000,-3.24,-9.0,-9.65,94.6
030190,-8.89,-14.97,-12.11,14.2
030200,-12.32,-0.18,-3.22,244.1
030210,-20.0,-7.32,-1.01,6.5
030610,-30.57,-14.69,6.59,15.3
030720,-11.66,-3.57,-6.58,4.4
031210,-14.57,-14.06,3.76,23.4
031430,-24.88,-2.54,-7.57,20.0
031440,-25.92,-19.68,-2.43,4.6
031820,-26.83,-7.24,-15.36,7.2
032350,-44.67,-49.15,-31.89,98.2
032560,-14.65,-8.62,-11.67,2.3
032640,-11.2,-3.91,0.48,199.6
032830,30.06,71.8,147.47,1825.5
033240,-48.73,5.92,35.83,77.7
033250,-24.82,-26.52,-33.07,2.6
033270,-14.47,-7.02,-18.65,5.4
033530,-21.89,-42.34,37.24,14.1
033780,3.63,26.02,37.81,547.7
033920,-17.06,-16.22,-6.18,4.7
034020,-43.27,-22.72,9.41,3232.6
034120,-25.7,-38.84,-46.6,2.7
034220,-23.26,-21.79,-2.49,1502.6
034230,-36.76,-41.48,-45.7,102.5
034310,-7.78,-4.95,-9.69,6.6
034590,-2.05,2.53,-0.19,0.6
034730,58.09,112.48,199.29,1865.0
03473K,26.69,64.06,111.9,19.9
034830,-28.61,-6.6,-7.81,7.9
035000,-31.57,-28.52,-24.81,5.2
035150,-22.7,-20.0,-36.06,3.9
035250,-14.69,-18.49,-25.77,98.2
035420,-3.04,-21.99,-11.51,4649.5
035510,-37.16,-30.0,-23.17,29.4
035720,-24.66,-40.66,-35.13,867.1
036420,-73.22,-76.29,-84.15,8.1
036460,-8.98,-14.44,-22.76,78.0
036530,-22.65,-14.77,-14.32,10.3
036570,-15.71,0.44,16.74,355.6
036580,-22.76,4.57,-6.74,3.0
037270,-38.37,-55.34,-62.54,22.5
037560,-32.87,-31.42,-45.61,57.8
037710,-1.7,21.29,14.29,144.4
039130,-28.55,-32.59,-44.73,17.2
039490,-33.59,-13.1,34.76,523.3
039570,-7.19,-4.33,-21.66,1.7
041650,-24.91,-24.11,-29.05,0.8
042660,-34.84,-37.35,-2.33,2180.8
042700,-32.32,16.89,133.37,3563.0
044380,-55.67,-53.17,-59.79,7.4
044450,-21.78,14.72,-3.98,8.4
044820,9.96,52.73,-0.81,10.7
047040,-53.35,195.94,290.31,2328.1
047050,-30.75,-11.06,2.93,344.2
047400,-45.83,-35.04,-41.41,9.4
047810,-7.76,-2.95,70.37,864.3
049800,-38.84,-9.98,-10.12,1.2
051600,-25.83,-18.51,-8.19,80.7
051630,-49.34,-57.07,-44.54,14.0
051900,-1.78,-9.31,-24.01,163.8
051905,-11.3,-11.14,-22.87,7.9
051910,-33.84,-27.65,-15.64,1070.4
051915,-34.99,-31.48,-23.23,51.1
052690,-49.13,-29.42,14.3,225.1
053210,-18.19,-15.47,-18.76,2.2
053690,-36.35,-4.98,-5.96,37.5
055490,-35.05,-12.99,-11.92,11.3
055550,4.4,24.43,46.63,1428.1
057050,9.4,65.65,48.72,12.2
058430,-19.59,6.49,-1.81,122.0
058650,-24.22,-32.93,-11.07,8.2
058730,-1.21,11.87,21.09,236.5
058850,-16.39,-19.39,-16.7,3.8
058860,-11.19,-6.96,-9.77,2.7
060980,-11.6,-17.26,-6.96,13.4
062040,-23.06,18.86,72.7,889.9
063160,-33.03,-37.22,-43.95,9.1
064350,-32.02,-23.66,-19.47,1195.1
064400,-3.3,-12.48,-10.04,1989.7
064960,-25.88,-30.66,-23.62,21.9
066570,32.71,60.23,119.46,6670.5
066575,8.93,16.41,53.65,361.6
066970,-58.74,-31.86,25.04,682.5
067830,-29.19,-21.92,-13.64,2.1
068270,-10.85,-12.11,4.68,1132.3
068290,-32.07,-41.59,-64.71,2.0
069260,-16.29,-18.09,-14.41,26.8
069460,0.0,-63.0,-71.47,0.0
069620,-16.27,-23.64,-20.55,48.8
069640,-25.3,-22.27,-49.23,1.1
069730,1.94,49.1,53.87,3.3
069960,31.57,42.42,77.78,275.7
070960,-29.06,-32.98,-46.25,1.8
071050,-17.76,8.78,44.8,671.9
071055,-15.89,2.86,59.16,30.3
071090,-33.71,-21.6,-49.91,19.6
071320,-14.54,-38.12,-25.89,11.1
071840,-20.54,-12.41,-25.44,2.3
071950,-5.17,-63.43,-82.21,4.0
071970,-41.01,-27.0,4.97,175.2
072130,-11.76,5.19,-11.92,4.1
072710,-6.97,3.19,8.49,5.1
073240,0.82,-0.49,29.6,233.1
074610,0.0,0.0,900.0,0.0
075180,-5.54,-9.94,-19.44,0.5
075580,-43.25,-37.09,2.26,34.4
077500,-24.83,-13.62,-5.11,41.5
077970,-55.41,-32.59,15.09,144.1
078000,-27.33,-21.51,-17.27,1.3
078520,-28.81,-0.39,11.14,11.7
078930,25.89,53.22,85.77,272.4
078935,3.36,15.64,26.54,4.2
079160,-2.02,-21.69,-7.87,19.9
079430,-27.97,-14.69,-27.97,11.3
079550,-22.95,44.32,27.42,1809.1
079900,-52.84,-40.34,-37.75,46.8
079980,-42.56,-23.53,-37.37,4.1
081000,-39.46,-27.53,-33.28,3.9
081660,7.37,-3.68,20.62,77.8
082640,-14.45,11.86,-11.98,11.6
082740,-35.46,-8.32,37.59,527.5
083420,-26.24,-25.28,-41.61,3.1
084010,-33.65,-26.34,-34.06,4.4
084670,-37.4,-52.07,184.13,181.7
084680,-68.75,-62.48,-63.33,7.4
084690,-25.13,-24.28,-28.47,6.8
084695,-22.88,-16.15,-16.45,1.4
084870,-5.91,57.61,38.29,0.6
085310,-30.09,-30.15,-0.25,1.9
085620,-7.67,75.11,116.03,301.9
086280,-6.97,-17.69,40.05,802.4
086790,7.38,30.96,43.14,1111.2
088350,-7.55,33.43,26.97,360.9
088790,-8.75,20.6,20.91,1.0
089470,-27.6,-17.1,-7.04,4.5
089590,-21.97,-27.0,-39.28,18.5
089860,17.13,30.51,24.61,20.1
090080,-3.58,-2.32,-10.43,1.8
090350,-16.83,-10.66,-17.29,5.8
090355,-23.54,-17.4,-29.74,0.1
090370,-26.44,-34.26,-21.55,1.0
090430,-18.0,-11.48,-11.87,335.9
090435,-19.86,-16.74,-9.89,8.0
090460,-52.47,-1.7,8.75,176.5
091810,-41.78,-59.38,-68.84,11.3
092200,-37.15,-56.35,13.11,102.0
092220,-72.47,-28.97,-34.39,51.3
092230,-3.64,16.51,21.0,2.2
092440,-19.05,-21.26,-26.21,1.1
092780,-34.84,-43.22,-24.52,1.8
092790,-25.6,4.42,-25.22,108.2
093050,-12.5,25.98,16.3,8.9
093240,-57.09,-70.69,-83.95,11.8
093370,-21.85,32.34,114.47,761.8
094280,-7.24,-4.21,-9.06,2.5
095570,-18.21,-7.31,0.35,9.1
095720,-50.37,-52.25,-73.31,1.1
096760,-10.96,4.18,4.18,3.5
096770,-2.11,16.79,13.72,729.8
096775,-12.67,-8.77,-13.13,3.3
097230,-49.86,-32.34,90.4,185.5
097520,-23.16,-39.7,-36.33,13.3
097950,-17.75,-9.93,-22.05,126.7
097955,-10.31,-12.04,-16.33,8.5
100090,-20.73,-4.53,-7.23,278.6
100220,-30.82,0.41,-21.65,4.0
100250,-4.71,-0.34,-8.82,4.5
100840,-53.12,-32.33,-47.57,67.9
101140,-41.51,-56.88,-46.78,1.0
101530,-14.95,-21.37,-24.38,13.9
102260,-20.02,-16.23,-17.04,5.5
102460,-9.29,-10.11,-15.16,11.0
103140,-32.04,-43.46,-57.02,106.0
103590,-33.99,3.24,61.27,440.9
104700,-5.57,-4.43,0.0,4.0
105560,8.96,26.47,44.36,2369.7
105630,-20.77,-33.26,-13.28,7.9
105840,-50.54,-42.66,34.15,67.2
107590,-14.77,-17.22,-27.8,0.2
108320,-40.22,-24.22,-32.29,62.0
108670,2.8,12.24,6.28,14.6
108675,3.66,0.72,-10.77,0.9
109070,-20.49,68.1,67.89,13.5
111110,-13.13,-12.56,-18.97,1.3
111380,-12.52,-7.46,-16.45,1.5
111770,5.16,3.42,48.14,66.4
112610,-40.98,5.88,-10.56,244.1
114090,-20.02,-26.56,-39.5,40.0
117580,-19.43,-8.82,-13.14,12.6
118000,-35.67,-54.33,-59.45,0.7
119650,0.0,0.0,0.0,0.0
120030,-17.85,-14.7,-16.14,1.1
120110,-38.79,13.11,22.57,204.8
120115,-19.93,-8.67,-3.85,3.2
122900,-4.1,-6.56,-13.37,8.3
123690,-34.22,-44.1,-44.41,6.3
123700,-11.58,-12.61,-6.15,1.0
123890,-15.87,-6.94,-10.41,10.6
126560,-12.9,-5.65,-10.16,2.7
126720,-34.62,-15.16,-5.35,11.5
128820,-41.64,-33.55,-11.3,48.3
128940,-21.21,-15.79,39.01,614.9
129260,-21.96,-19.05,-34.53,1.2
130660,-47.19,-8.42,-11.07,38.7
133820,-35.33,-42.95,18.89,1.6
134380,-19.46,6.04,18.51,0.9
134790,-1.28,-0.41,-33.53,0.3
136490,-11.18,-1.22,-29.27,12.6
137310,-27.53,-26.67,-37.97,9.1
138040,7.69,14.8,6.48,336.6
138930,-5.05,13.46,18.84,203.4
139130,-4.45,26.74,25.52,111.0
139480,-21.92,-5.62,-7.84,173.0
139990,-34.81,-32.22,-46.82,4.5
143210,0.0,2.3,-28.84,0.0
145210,900.0,254.99,138.55,0.0
145720,-28.24,-19.19,-42.68,14.4
145990,-5.97,-5.27,-15.92,5.0
145995,-0.44,-8.7,-8.07,0.3
155660,4.22,20.88,17.99,1.9
161000,-46.89,-6.34,-26.81,35.4
161390,12.44,4.91,52.93,302.0
161890,9.39,50.22,6.48,293.4
163560,-24.77,-16.93,-20.83,2.7
170900,-21.43,-26.81,-21.52,6.6
175330,-6.27,10.7,13.26,181.8
178920,-29.81,13.09,-9.53,34.1
180640,-8.06,-19.23,-8.7,195.3
18064K,-16.07,-32.94,-25.4,0.9
181710,-11.33,16.29,23.39,73.6
183190,-22.55,-23.66,-25.1,7.0
185750,-23.09,-20.6,-19.48,22.0
192080,5.74,15.81,8.19,59.2
192400,-10.48,-4.93,-15.01,6.7
192650,-38.76,-42.85,-29.97,28.1
192820,-21.41,-7.95,-24.73,140.2
194370,-14.11,6.04,2.89,14.4
195870,-39.41,-11.45,105.82,195.3
200880,-23.0,-28.19,-13.13,11.8
204320,-15.85,-31.91,24.76,578.0
207940,-0.65,-15.76,-3.24,845.2
210540,-28.83,-20.89,-21.13,8.3
210980,-57.11,-56.67,-45.35,5.4
213500,-18.64,-15.78,-21.14,6.6
214320,-0.67,2.13,-4.96,37.8
214330,-53.35,-65.43,-69.71,22.8
214390,-23.31,-10.75,1.75,3.3
214420,-33.89,-43.61,-56.88,8.5
217590,-56.28,-11.43,,121.5
226320,-20.93,-18.98,-31.7,4.4
227840,-9.67,0.25,-6.37,2.5
229640,-26.46,17.7,26.32,166.8
234080,-14.43,-14.1,-11.63,4.4
241560,-17.89,1.79,12.23,169.2
241590,-33.94,-40.37,-59.83,3.8
244920,9.62,11.7,96.65,10.2
248070,-27.25,-8.54,-10.75,61.2
248170,-15.81,-23.54,-15.03,5.1
249420,-49.78,-62.17,-36.4,34.8
251270,-26.79,-28.76,-37.77,91.9
259960,-11.66,1.68,-28.36,359.8
264900,-8.01,-5.85,-13.92,4.7
26490K,-21.01,-22.84,-26.26,0.3
267250,-22.74,-10.82,48.53,458.6
267260,-35.1,-8.37,65.64,1851.6
267270,-31.84,11.61,42.69,480.5
267290,-12.12,-4.69,-0.73,4.0
267850,-15.3,-16.45,-23.8,3.0
268280,-1.15,-12.47,-18.26,3.3
271560,-7.97,12.11,16.52,148.0
271940,-40.32,-24.77,-39.7,8.4
271980,-30.36,-33.47,-32.21,3.6
272210,-47.7,-24.56,19.44,721.6
272450,-20.53,-26.9,-43.72,13.8
272550,-24.94,-27.79,-35.4,4.1
278470,-21.33,28.03,106.17,1116.4
279570,-4.45,,,225.5
280360,-15.98,-10.99,-16.39,21.4
281820,26.22,93.81,172.1,200.5
282330,-8.25,5.29,6.56,100.8
284740,-12.9,-6.9,-22.99,3.9
285130,-29.98,-39.65,-41.2,30.6
28513K,-20.77,-22.74,-24.08,1.1
286940,-24.78,-20.37,-20.75,8.9
293480,-11.75,-17.05,-28.9,3.3
294870,-15.64,0.24,-10.87,42.7
298000,-10.8,-10.8,-10.8,60.0
298020,-39.43,-11.57,26.88,93.5
298040,-24.52,14.23,138.31,1930.5
298050,-34.83,-29.34,-21.98,31.3
298690,-28.95,-17.82,-27.74,5.1
300720,-17.27,-15.69,-25.44,17.8
302440,-22.46,-33.3,-27.22,51.5
306200,-12.77,12.45,-20.45,17.8
307950,-11.76,-15.31,141.25,1484.2
308170,-29.01,-52.85,-29.93,0.9
316140,-11.98,4.4,20.74,694.8
317400,50.9,88.76,112.36,23.8
317450,-27.44,-31.72,,9.0
322000,-14.14,192.86,222.83,765.0
323410,-12.85,-6.17,-23.3,246.9
326030,-21.21,-33.06,-21.44,257.0
329180,-27.65,-22.57,9.22,2523.5
336260,-15.25,12.34,79.45,559.3
33626K,-31.68,-22.52,-3.02,6.9
33626L,-30.03,-31.62,-36.4,1.7
336370,-56.02,-9.62,-19.06,51.3
33637K,-42.81,-28.52,-16.99,0.9
33637L,-47.57,-43.06,-52.33,0.5
339770,-18.54,-16.18,-31.21,5.3
344820,-21.6,-16.82,-30.88,6.0
352820,-15.87,-44.21,-17.35,595.3
353200,-4.95,116.83,440.74,1503.7
35320K,-11.68,48.27,163.28,13.8
361610,-48.95,-45.72,-50.99,38.8
363280,-36.53,-30.69,-47.41,1.3
36328K,-39.15,-42.45,-58.85,0.1
372910,-34.27,-42.11,-41.51,2.1
373220,-31.5,-20.02,-9.35,1819.3
375500,-36.16,40.13,32.77,446.5
37550K,-29.88,-0.66,-8.3,2.9
37550L,-29.29,20.69,26.89,3.5
377300,-24.23,-38.2,-35.64,175.2
377740,-11.95,-13.61,-13.28,3.8
378850,-17.57,-20.48,-15.08,5.7
381970,-32.64,-51.35,-53.04,11.4
383220,14.44,14.61,5.99,78.1
383800,-17.6,-4.93,-9.6,18.2
38380K,-21.05,-18.41,-22.26,0.3
402340,52.97,148.93,624.84,14645.3
403550,-22.55,-20.97,-27.39,18.4
439260,-48.69,-30.54,,57.7
443060,-17.36,12.27,6.08,531.0
446070,-2.84,-3.3,-29.23,2.2
450080,-58.5,-44.25,-34.23,333.3
452260,-42.81,-1.19,61.32,157.7
45226K,-53.83,-64.98,69.85,1.2
453340,13.25,22.28,6.79,11.6
454910,-31.24,-43.3,5.55,1815.8
456040,-47.29,7.12,31.34,76.2
457190,-52.8,-40.58,28.7,157.6
460850,-16.28,-3.6,-21.93,6.1
460860,-20.32,11.1,-20.19,35.7
462520,-3.47,1.9,-6.39,3.3
462870,-11.8,-10.25,-28.39,35.2
465770,-12.01,-26.6,-45.5,39.3
475150,48.44,304.7,224.25,2207.8
475560,-33.9,-41.99,-48.7,2.8
480370,-50.73,-54.91,-66.8,5.5
483650,-0.21,62.94,17.6,411.6
484870,-45.43,-55.44,-63.49,21.5
487570,-22.39,-29.61,-30.29,7.4
489790,-47.98,-21.35,-28.85,345.4
499790,-26.03,-10.95,-6.67,63.1
0001A0,-52.36,,,36.5
000250,-63.84,-58.67,-35.3,535.2
000440,-32.66,-5.23,-6.62,13.4
0004V0,-75.15,-68.08,,69.4
0004Y0,-1.72,-1.72,0.35,0.2
0007C0,-59.64,-58.5,,44.7
0007J0,-68.39,,,14.4
0008Z0,-49.16,-33.38,,25.2
0009K0,-58.07,-60.36,,70.8
001000,-59.93,-66.74,-58.81,12.9
0010F0,-67.94,,,12.0
0010V0,-31.61,-40.84,,1.4
0011A0,-65.83,,,25.6
0011T0,,,,193.3
0013V0,-35.35,-41.73,,6.4
001540,39.49,40.86,46.24,31.8
0015G0,-56.73,-51.35,,39.7
0015N0,-51.31,-46.13,,12.2
0015S0,-57.25,-71.28,,7.2
0017J0,,,,251.9
001810,-30.64,-21.82,-30.12,0.5
001840,0.0,0.0,37.07,0.0
002230,-52.29,-65.37,8.97,12.3
002290,-23.17,-12.09,-12.93,1.2
002680,-43.59,-41.74,-47.29,8.1
002800,-27.3,-24.65,-23.86,7.3
003100,-3.55,4.94,1.49,7.8
003310,-53.89,-57.36,-3.41,19.2
003380,-27.0,-16.47,-0.3,89.3
0037T0,-1.53,-1.04,-0.55,0.2
003800,-4.69,1.72,9.23,1.9
0039P0,,,,1012.6
0041B0,-1.22,-3.35,,0.3
0041J0,-1.19,-0.7,-0.7,0.1
0041L0,-0.5,-0.25,,0.2
0044K0,-2.02,-1.04,,0.3
004590,-1.54,2.4,-10.18,10.4
004650,-11.28,-4.0,-10.94,4.5
004780,1.13,13.03,4.4,2.1
005160,-31.19,-10.43,-40.02,4.0
005290,-34.73,0.86,38.42,422.4
0054V0,-1.95,0.25,,0.2
005670,-7.39,1.29,7.55,2.9
005710,-19.75,-15.45,-3.46,2.3
005860,-33.25,-11.78,-32.73,49.0
005990,-2.6,0.46,2.17,0.6
006050,-62.28,-60.53,-59.18,3.6
006140,-34.2,-43.31,-23.5,7.1
006620,-26.34,-25.48,-24.76,10.6
006730,-29.2,-32.71,9.61,65.2
0068Y0,-0.75,-0.1,,0.1
006910,-46.33,-16.24,106.68,392.0
006920,-40.42,-5.19,-4.13,41.2
0071M0,-1.68,-1.68,,0.2
0072Z0,-1.4,-0.9,,0.3
007330,-6.26,3.39,4.33,4.2
007370,-19.13,-21.18,-38.35,1.2
007390,19.9,15.04,-11.07,190.5
007530,-33.65,-29.85,-40.25,0.4
007680,-25.47,-20.45,-29.01,4.6
007720,-44.33,-60.95,-71.9,2.1
007770,-17.29,-18.76,-33.51,0.2
007820,-46.65,-51.76,-25.16,16.0
008290,-51.44,-53.97,-57.88,4.2
0082N0,-67.44,,,21.4
008370,-6.18,1.57,5.65,0.4
008470,-13.35,-11.26,-13.57,0.8
008830,-46.36,-40.25,-37.1,21.1
0088D0,-3.87,4.71,,0.3
0088M0,-70.79,,,34.7
0091W0,-3.89,-1.53,,0.2
009300,-23.08,-19.09,-32.14,0.9
0093G0,-0.55,1.22,,0.2
009520,-47.68,-43.96,-30.16,26.8
009620,-20.43,-59.21,-44.72,3.8
0096B0,-1.63,-2.12,,0.4
0096D0,-1.34,0.35,,0.2
009730,-64.95,-71.72,-84.64,1.1
009780,-16.18,-20.58,-25.19,1.9
0097F0,-0.1,1.42,,0.2
0098T0,-2.49,-1.28,,0.2
0099W0,-0.05,1.37,,0.3
0099X0,1.4,2.11,,0.3
010170,-25.75,231.22,1007.14,3807.9
0101C0,-0.6,1.22,,0.3
010240,-4.51,10.11,4.56,1.4
010280,-17.45,-9.02,-7.33,6.7
010470,-20.76,-16.06,-21.79,1.1
0105P0,-0.75,0.2,,0.2
011040,-11.63,-12.26,-18.04,1.7
011080,-57.65,-74.48,-81.41,8.2
011320,-17.98,-14.86,-6.22,2.9
011370,-29.36,-11.9,-14.52,3.1
011560,3.07,56.16,71.79,12.2
0115H0,-2.27,-52.08,,0.7
0117P0,,,,283.1
012210,-57.18,-31.91,51.58,25.3
012340,-41.11,-63.81,-69.16,6.4
012620,-24.28,-14.52,-13.65,0.5
012700,-19.56,-12.85,-34.85,2.2
012790,-18.52,-11.73,-21.95,1.4
012860,-40.37,-44.8,53.05,153.5
0129K0,,,,3.6
013030,-29.02,2.35,12.78,18.9
0130D0,-0.85,,,0.4
0130H0,-0.5,,,0.5
013120,-25.99,-27.36,-32.18,32.0
0131D0,-23.46,,,1.7
0132G0,-0.45,,,0.4
013310,-25.48,-28.73,-13.95,36.7
0134X0,,,,196.0
013720,-49.88,-61.17,-60.46,1.9
013810,-41.68,-30.04,-42.35,3.1
013990,-23.12,-5.32,-23.26,12.4
014100,6.84,10.5,-11.6,0.5
014190,-38.19,-45.5,-24.48,2.0
014470,-35.06,-28.24,-41.03,3.6
014570,-19.79,-19.11,-27.94,0.5
014620,-40.69,-3.42,-7.99,63.2
014940,-43.41,-42.02,-15.62,16.0
014950,-49.5,-71.46,,138.2
014970,-37.43,-31.25,-47.96,6.4
015710,-33.99,-22.5,-36.95,1.2
015750,-36.42,-23.73,-6.11,40.1
016100,-47.9,-39.08,-61.37,0.8
016250,-34.11,-21.14,-25.46,1.2
0164H0,,,,213.3
0165X0,,,,305.1
016600,-37.62,-21.36,-33.39,2.6
016670,-39.64,-32.92,-60.59,0.7
016790,0.0,0.0,0.0,0.0
016920,-6.23,-0.88,-19.49,1.4
017000,-29.85,-26.33,-15.71,7.6
017250,-8.35,-0.2,-4.4,0.6
017480,0.21,10.72,1.17,2.9
017510,-42.55,-31.57,-7.18,59.0
017650,-0.98,15.17,23.95,1.5
017890,-2.02,30.77,38.49,10.3
018000,-39.83,-17.26,-31.64,35.0
018120,-8.19,-4.85,-16.69,0.5
018290,-31.68,-34.02,-67.47,23.6
018310,-23.33,-25.98,-30.77,6.7
018620,-14.79,-23.77,-38.79,0.9
018680,-27.63,-28.86,-37.56,0.2
018700,-9.32,-42.01,-58.56,7.2
019010,-16.25,27.69,80.04,10.9
019210,11.05,201.48,220.38,174.1
019540,-12.79,31.95,42.63,7.2
019550,-21.47,-31.93,-37.06,3.3
019570,-46.2,-8.38,-23.16,2.4
019660,-22.68,-30.89,-31.68,0.6
019770,-26.68,-22.59,-23.75,1.4
019990,-50.0,-43.45,-35.34,9.9
020180,-34.12,-17.15,-22.09,7.6
020400,-48.41,-0.97,-8.09,3.5
020710,-29.34,-13.87,-9.58,6.8
021040,-24.65,-25.21,-33.09,0.9
021045,-1.33,-7.8,-8.45,0.1
021080,-40.98,-25.57,-13.88,18.9
021320,-25.45,-3.58,4.26,2.6
021650,-6.53,-11.2,-10.48,0.3
021880,-60.95,-67.68,-77.7,25.6
022220,-35.24,-13.36,-35.67,0.2
023160,-48.83,-5.13,19.65,79.5
023410,-21.33,-11.16,-6.71,57.4
023440,0.0,-29.97,-70.8,0.0
023600,-16.14,-10.08,-15.64,1.5
023760,-27.79,-10.43,-10.66,2.5
023770,-22.2,-22.46,-27.23,0.6
023790,-28.07,-32.49,23.48,27.1
023900,-30.17,-20.78,-24.39,3.2
023910,-11.23,-9.98,-19.18,3.5
024060,-20.81,12.69,12.51,401.0
024120,-20.65,-14.25,-12.84,1.0
024740,-40.88,-5.16,-0.23,9.1
024800,5.68,64.6,49.91,9.6
024830,-22.18,-21.61,-14.23,0.9
024840,72.01,162.8,139.36,393.0
024850,-63.03,-45.08,-5.11,50.3
024880,-36.96,-36.53,-22.67,7.0
024910,-28.53,-34.32,-14.08,4.0
024940,-39.97,-59.14,-54.11,3.2
024950,-37.45,-22.81,-26.13,2.8
025320,-42.26,-40.32,-45.65,36.3
025440,-15.54,-36.64,-19.77,0.9
025550,-42.11,-35.37,-33.18,15.3
025770,-35.23,-2.14,-17.45,13.3
025870,-52.78,-61.03,-63.39,1.4
025880,-13.08,-1.5,-4.89,2.1
025900,-51.89,-35.22,-37.16,9.2
025950,-39.44,-42.37,-48.49,33.8
025980,-48.37,-53.8,-59.49,53.8
026040,-39.56,-37.21,-40.57,3.1
026150,-45.33,-43.55,-49.93,6.4
026910,148.89,87.01,78.72,11.4
027040,-25.36,66.82,37.64,11.9
027050,-33.81,-37.39,-51.06,3.4
027360,-82.72,-4.01,40.96,839.4
027580,-52.11,-64.9,-71.92,5.6
027710,-19.02,-2.24,-13.49,12.9
027830,-40.79,-38.0,-45.71,2.0
028080,-25.0,-39.39,-45.27,4.1
028300,-48.01,-45.38,-37.4,418.5
029480,-36.8,-46.27,-43.95,5.9
030350,0.0,0.0,0.0,0.0
030520,-21.71,-31.07,-38.66,26.6
030530,-48.51,-58.06,184.72,267.3
030960,-34.23,-41.98,-45.08,32.7
031310,-47.8,-37.1,-44.44,5.9
031330,35.14,129.36,234.45,247.4
031510,6.1,9.01,5.4,1.4
031860,0.0,18.26,-34.13,0.0
031980,-6.7,75.33,223.85,328.1
032080,-20.79,-14.59,-23.45,0.5
032190,-23.01,-6.87,8.6,21.1
032280,-9.07,-5.06,-11.82,0.5
032300,-37.1,-40.59,-49.8,1.8
032500,-48.26,-3.04,9.45,140.7
032540,-9.04,-4.51,-14.55,0.4
032580,252.05,285.32,264.58,132.6
032620,-29.93,-25.16,-23.69,4.0
032680,-24.81,-25.37,-40.48,1.8
032685,-71.29,-73.52,-75.43,0.1
032750,-16.48,-14.57,-35.49,0.6
032790,-29.42,-44.63,-42.84,2.1
032800,-20.59,-43.44,-51.35,5.8
032820,-56.24,41.33,163.68,756.9
032850,-27.01,-17.79,-24.61,4.9
032860,-51.64,-58.1,-47.02,1.0
032940,-49.04,-61.12,-19.73,12.9
032960,-31.49,-35.71,-11.78,0.2
033050,-23.42,-6.99,-9.73,0.4
033100,-19.13,13.56,18.83,218.2
033130,-26.32,10.99,22.73,4.4
033160,-48.66,55.83,83.19,242.9
033170,-62.16,-50.13,-37.74,2.9
033200,-34.35,-34.18,-29.02,0.5
033230,-48.94,-41.72,-50.0,5.2
033290,-21.38,-22.34,-26.11,1.7
033310,-30.88,-24.05,-35.9,1.5
033320,-46.46,-31.83,-49.09,3.7
033340,-79.57,-79.67,-75.22,15.6
033500,-42.22,-36.33,-30.39,38.4
033540,-24.9,-33.36,-43.38,3.2
033560,28.69,58.49,56.88,2.0
033640,-49.41,11.02,65.53,110.5
033790,-57.58,2.53,37.53,179.1
033830,-47.47,-45.4,-54.7,0.7
034810,-20.99,-24.54,-22.28,2.9
03481K,-24.54,-31.55,-28.04,0.3
034940,-27.86,-25.86,-39.22,19.6
034950,-3.72,3.59,0.9,2.8
035080,-20.83,-19.88,-37.97,2.9
035200,-35.03,-24.12,-21.57,2.1
035290,-56.74,-53.01,-57.14,0.7
035460,-48.87,6.14,0.0,13.4
035600,-15.91,-9.3,-16.13,8.0
035610,25.53,29.49,10.67,2.5
035620,-27.26,-46.25,-64.14,4.0
035760,-45.01,-53.46,-53.53,35.8
035810,-19.67,-9.43,17.63,14.1
035890,-37.79,-37.79,-44.63,71.4
035900,-29.37,-35.28,-36.38,113.4
036000,-9.43,-2.33,-22.49,1.8
036010,-48.74,-25.0,4.59,48.2
036030,-12.04,-5.96,-9.38,2.1
036090,-41.85,-34.92,-40.13,12.8
036120,-21.53,-20.03,-30.28,3.5
036170,-62.75,75.14,184.07,86.8
036190,-17.83,1.56,1.4,4.3
036200,-37.39,-21.02,8.19,48.2
036220,-35.18,-44.95,-67.89,6.9
036480,-15.2,-8.36,-21.19,1.0
036540,-47.1,-2.49,66.94,527.0
036560,-19.97,-14.37,-7.63,1.3
036620,-38.09,-25.88,-30.98,27.4
036630,-35.35,-22.33,33.79,7.9
036640,-11.25,-7.28,-12.06,2.7
036670,-17.38,-18.04,-27.45,1.1
036690,0.0,0.0,0.0,0.0
036710,-14.12,34.23,103.82,37.1
036800,3.66,26.11,18.09,8.0
036810,-57.69,-46.33,-1.15,46.2
036830,-50.95,-24.05,-24.33,41.4
036890,-23.27,-3.95,12.56,29.9
036930,13.8,345.5,387.89,5117.2
037030,-38.48,30.44,39.06,138.8
037070,-30.37,-8.22,-14.45,121.3
037230,-42.63,-21.69,-32.85,3.5
037330,-41.6,-37.71,-34.43,0.9
037350,-42.52,18.84,65.46,31.8
037370,-44.93,-50.08,-50.99,1.0
037400,-32.55,-24.26,-35.91,0.9
037440,-40.52,-18.57,-22.96,64.3
037460,-1.03,92.24,192.03,138.1
037760,2.74,35.5,43.24,0.9
037950,-27.84,-37.75,-41.92,1.7
038010,-20.35,-9.33,-14.73,1.8
038060,-43.52,-3.75,-23.16,18.5
038070,-31.99,-34.43,-41.79,5.8
038110,-44.95,-39.49,-46.97,15.5
038290,-33.76,-30.22,-27.32,5.5
038390,-9.07,-16.14,-16.43,3.0
038460,-36.17,-31.11,-12.2,8.3
038500,-54.29,47.12,128.75,246.9
038530,-46.52,-28.84,-40.36,4.2
038540,-10.14,0.62,-1.52,1.7
038620,-20.87,-28.8,-34.54,1.4
038680,-23.13,2.05,-16.0,16.9
038870,-35.14,-33.98,-49.25,2.9
038880,-46.59,-51.28,-64.66,2.9
038950,-19.81,-1.69,-21.0,0.7
039010,-47.16,-23.3,-10.21,7.3
039020,-29.07,-40.02,-48.73,2.0
039030,-41.01,-0.33,39.49,760.6
039200,-39.0,-29.35,-8.94,95.7
039240,-29.96,-28.44,-34.18,3.9
039290,-35.94,-44.92,-48.88,0.8
039310,-31.81,-12.41,-28.1,1.5
039340,-3.82,-12.45,-19.26,0.6
039420,-16.64,-7.79,-14.73,1.7
039440,-44.83,-27.87,17.24,55.8
039560,-53.99,-35.03,-18.87,15.0
039610,-46.08,-37.75,-52.98,6.4
039740,-22.9,-2.84,6.02,5.6
039830,48.86,28.07,-1.36,18.9
039840,-28.38,-22.42,-31.6,4.0
039860,-32.71,-27.26,7.24,25.8
039980,-39.4,-52.59,-63.74,61.5
040160,-70.1,45.11,15.3,5.4
040300,-41.51,-42.5,-30.03,2.1
040350,104.92,87.03,23.4,19.0
040420,-3.81,-0.51,-9.52,1.6
040610,-30.0,-14.32,-17.97,1.2
040910,-31.78,5.5,3.34,3.7
041020,-41.94,-40.11,-52.35,31.1
041190,-34.19,-44.34,-53.87,46.1
041440,-33.59,-27.22,-23.22,40.7
041460,-19.81,-13.38,-19.43,3.4
041510,-25.11,-36.14,-44.03,90.0
041520,-24.46,30.51,-0.34,3.6
041590,0.0,0.0,0.0,0.0
041830,55.74,56.77,97.92,54.4
041910,-24.43,-23.1,-25.39,25.1
041920,-52.67,-35.0,58.43,15.4
041930,-33.03,-36.19,-27.71,8.4
041960,-28.93,-2.51,32.83,19.9
042000,-38.52,-50.83,-62.43,22.6
042040,-63.78,-73.51,-79.04,4.4
042110,-20.98,-5.18,-15.4,22.1
042370,-52.91,-26.51,-8.0,64.4
042420,1.1,-9.25,-8.35,5.2
042500,-18.64,6.45,8.24,20.5
042510,-39.61,-22.35,-36.15,32.7
042520,-34.77,-21.04,126.96,67.4
042600,-57.07,-32.77,-3.83,5.3
042940,-47.96,-43.29,-53.15,36.7
043090,200.0,200.0,200.0,0.0
043100,0.0,-71.32,-89.56,0.0
043150,-25.89,-10.77,-28.65,6.0
043200,-41.61,-23.23,-53.95,6.3
043220,0.0,0.0,900.0,0.0
043260,-61.39,31.9,1458.04,1151.4
043340,-26.23,-2.64,-21.66,1.0
043360,-18.61,-16.73,-7.48,1.0
043370,-18.96,-10.59,-7.72,4.1
043590,-12.78,-10.26,-10.78,2.8
043610,-21.44,-23.58,-33.66,1.1
043650,-16.45,-9.48,-24.79,17.1
043710,-34.36,-31.65,-45.65,0.4
043910,-37.2,-47.05,-56.33,1.4
044180,0.0,-64.16,-62.32,0.0
044340,-9.17,-3.63,-26.57,31.6
044480,-64.36,-41.9,-47.66,4.7
044490,-48.97,-12.4,-31.05,69.4
044780,-18.36,1.17,-1.14,1.5
044960,-25.22,-27.46,-31.48,3.0
044990,-38.45,-41.5,-32.11,12.0
045060,-12.33,-6.57,-15.52,1.2
045100,-10.72,24.95,67.94,53.6
045300,-23.47,-21.63,-20.57,1.5
045340,-11.75,-10.03,-10.28,3.5
045390,-43.76,-42.73,-48.87,30.9
045510,-22.29,8.3,-0.63,1.8
045520,-22.51,-16.93,-38.37,2.5
045660,-21.91,-18.94,-41.38,3.1
045970,-57.5,-53.07,-31.71,6.0
046070,0.0,0.0,0.0,0.0
046120,-63.62,1.68,16.41,49.8
046210,-51.62,-41.34,-48.31,4.3
046310,-36.9,-40.27,-23.55,1.7
046390,-21.75,-30.02,-38.99,5.3
046440,-27.8,-18.7,-27.93,4.1
046890,-21.72,42.67,25.14,182.7
046940,-46.2,-27.92,0.17,38.1
046970,-52.46,175.2,236.3,292.2
047080,-25.29,-18.72,-28.24,9.3
047310,-46.32,-53.36,-37.31,11.7
047560,-47.59,-57.97,-61.23,6.2
047770,-44.63,-15.0,44.64,49.0
047820,-41.32,-29.76,-38.23,2.8
047920,-47.86,-51.71,-47.62,23.9
048410,-57.55,5.79,-1.74,201.5
048430,-33.65,-33.01,-34.28,2.2
048470,-27.85,-22.48,-45.05,2.4
048530,-35.26,-26.13,-41.91,5.5
048550,33.96,17.85,15.07,10.4
048770,-20.45,-23.91,42.06,53.2
048830,-12.95,9.15,-8.66,0.7
048870,-27.88,-34.94,-50.11,6.0
048910,-39.5,-39.9,-55.56,3.2
049070,2.08,-12.2,19.4,35.6
049080,-67.79,44.63,61.03,140.6
049120,-43.38,-45.23,-57.36,3.3
049180,0.0,-60.74,13.5,0.0
049430,-8.76,39.4,62.44,5.3
049470,-58.48,-69.1,-86.9,1.3
049480,-46.02,-23.78,-30.43,18.4
049520,-9.59,-0.67,1.92,3.4
049550,-7.25,10.92,-3.03,0.5
049630,-58.91,-79.38,54.36,41.4
049720,-3.93,-3.64,-6.05,8.1
049830,-15.53,-17.95,-28.3,0.2
049950,-43.5,-44.1,-39.1,6.1
049960,-5.63,16.5,12.05,3.3
050090,-51.39,-53.1,-62.67,0.9
050110,-47.51,-67.51,-80.34,7.6
050120,-3.86,2.5,5.52,0.6
050760,-13.86,-12.52,-26.47,6.3
050860,-19.57,-11.29,-21.07,1.0
050890,-44.61,17.72,39.78,512.9
050960,-16.51,-11.59,-27.53,0.8
051160,-1.19,-2.99,-27.92,4.0
051360,-7.26,3.34,-1.65,7.5
051370,-52.92,-38.55,-25.68,14.2
051380,-35.76,-20.19,-29.68,1.3
051390,-13.18,-0.13,-4.5,0.6
051490,-29.6,-33.82,-32.25,1.8
051500,-19.49,-17.41,-21.62,7.5
051780,-26.0,-49.81,-31.9,5.6
051980,-51.65,-63.91,-71.91,22.0
052020,-59.2,1.09,3.92,44.7
052220,-43.85,-46.9,-46.03,2.0
052260,-23.7,-19.52,-30.67,2.7
052300,9.5,-13.14,-40.51,1.7
052330,7.11,25.53,21.18,5.5
052400,-32.0,-22.98,-27.31,63.2
052420,-39.66,-38.35,-36.81,4.6
052460,-15.0,4.62,18.47,9.8
052600,-22.35,-15.57,-31.18,1.3
052710,-36.25,42.87,60.05,209.2
052770,0.0,-61.48,-92.07,0.0
052790,-30.14,-32.94,-37.73,1.8
052860,-37.18,49.36,115.33,4.8
052900,-20.67,13.04,7.22,66.0
053030,-42.96,-53.97,-62.2,15.2
053050,-26.69,-18.92,-32.53,4.9
053060,9.78,-6.62,2.32,4.1
053080,-40.69,-36.03,-33.99,32.5
053160,0.55,31.88,7.57,2.8
053260,-19.1,21.13,4.33,31.9
053270,-19.57,-28.15,-23.02,2.5
053280,-7.71,-10.15,-24.09,2.0
053290,-18.23,1.37,-27.66,0.9
053300,-36.35,-37.11,-43.43,9.7
053350,20.54,-16.72,-57.94,2.8
053450,-34.0,-41.49,-39.83,4.5
053580,-31.06,-34.76,-56.55,2.8
053610,-18.61,69.97,145.26,52.0
053620,-10.91,1.42,-5.15,0.6
053700,-36.26,-46.3,-10.6,18.5
053800,-16.92,-12.9,-19.16,27.2
053950,-56.36,-46.05,-47.4,5.8
053980,-25.42,-24.85,-31.94,1.5
054040,-13.11,2.9,-1.58,2.9
054050,-15.38,-16.0,-19.53,2.5
054090,-25.23,14.32,6.93,2.0
054180,0.0,0.0,1400.0,0.0
054210,-45.1,-27.38,-4.53,28.7
054220,-46.72,-29.13,-18.21,2.0
054300,-20.64,-34.93,-37.52,2.7
054410,0.82,2.79,1.1,0.5
054450,-37.46,-39.53,-29.35,49.9
054540,-50.27,-49.16,39.35,19.0
054620,-42.59,-6.69,-11.05,4.5
054670,-23.93,-17.04,-26.57,2.8
054780,-55.83,-57.19,-70.86,1.1
054800,-5.34,28.45,19.38,1.6
054920,-53.96,-35.09,-37.05,80.9
054930,-39.18,-27.88,-28.98,3.9
054940,-2.31,18.56,3.54,10.7
054950,-11.9,-13.79,-16.54,7.2
056080,-54.78,-58.91,12.95,111.7
056090,-52.85,-31.81,-8.93,24.9
056190,-38.41,-25.05,-16.18,31.9
056360,-47.19,-6.77,-11.02,33.8
056700,-22.72,-17.31,-24.85,1.2
056730,-40.43,-46.66,-61.29,0.1
057030,-26.9,-29.22,-40.28,0.8
057540,-0.56,7.32,-8.71,5.7
057680,-49.47,-60.67,-75.06,1.2
058110,-41.28,-7.01,-19.76,1.9
058400,-25.89,-21.84,-28.23,1.9
058450,44.01,-4.94,-13.99,5.0
058470,-44.86,-0.15,49.62,1097.8
058610,-39.78,-31.09,181.89,373.2
058630,-20.42,-24.28,-35.23,4.0
058820,-55.54,-56.68,-59.7,9.4
058970,-52.29,-62.18,-71.38,24.2
059090,-30.83,10.5,4.65,122.9
059100,-10.68,3.54,-2.64,2.5
059120,-26.93,-33.04,67.79,121.5
059210,-17.48,-19.06,-34.48,6.9
059270,-45.13,-69.71,0.95,23.7
060150,-34.79,-27.26,-43.43,4.1
060230,-33.43,-52.6,-65.6,6.9
060240,-90.18,-90.18,-90.18,0.3
060250,-37.81,-32.56,-28.58,74.8
060260,-11.99,23.11,-13.83,4.0
060280,-52.13,-55.37,-6.36,41.4
060310,-26.43,-29.14,-47.1,20.6
060370,-19.13,9.46,10.65,111.3
060380,-19.8,-19.63,-18.69,0.8
060480,-30.18,-21.25,-30.02,0.7
060540,-15.89,-15.77,-14.31,1.1
060560,-56.5,-48.55,-54.62,1.5
060570,-34.51,-42.91,-55.77,1.3
060590,-26.32,-33.9,-54.86,3.7
060720,-32.39,-31.06,-19.49,36.4
060850,-21.85,-21.6,-17.4,0.9
060900,-44.23,-65.59,-66.19,2.1
061040,-36.35,-33.01,-49.33,2.2
061090,-3.37,-4.37,,27.2
061250,-4.45,-17.79,-26.09,1.9
061970,-27.5,9.35,16.88,37.6
062970,-59.58,-33.79,-45.52,109.8
063080,-39.37,-42.81,-54.85,4.0
063170,-32.27,-39.69,-45.32,4.1
063440,-21.63,-33.74,-24.22,1.8
063570,-32.93,-26.17,-34.29,2.6
063760,-22.94,3.56,23.29,2.7
064090,0.0,-34.05,-61.54,0.0
064240,-22.83,-22.75,-29.13,2.2
064260,-43.52,-51.01,-50.23,109.2
064290,3.57,83.96,240.78,196.2
064480,-40.02,-46.69,-49.14,2.2
064520,-18.71,-8.39,-29.5,0.4
064550,-41.84,-49.12,-58.97,15.3
064760,-40.19,1.6,100.22,199.9
064800,-49.81,-50.62,-63.55,1.9
064820,-42.25,-21.23,38.49,14.7
064850,-34.82,100.0,142.04,27.7
065060,8.71,-15.79,-30.04,2.1
065130,-15.12,-19.83,-26.18,4.9
065150,-38.42,-38.42,-38.42,0.5
065170,7.05,165.71,204.25,66.5
065350,-54.09,-56.14,-60.14,64.3
065370,-46.2,-44.8,-59.65,1.0
065420,-47.37,-33.63,-57.87,9.1
065440,-64.52,-8.43,-18.94,54.3
065450,-44.73,-17.45,-23.29,24.2
065500,-49.22,-54.05,-66.71,3.5
065510,-14.7,-19.07,-25.55,3.4
065530,-44.12,-7.51,-7.15,4.6
065570,0.0,0.0,0.0,0.0
065650,-49.97,-45.36,-79.08,0.6
065660,-56.91,-59.21,-35.41,8.0
065680,-34.06,-16.09,-38.73,19.0
065690,1.8,-10.44,33.74,0.5
065710,-13.72,-18.37,9.41,8.2
065770,-50.95,0.06,-23.81,13.2
065950,-38.1,-37.17,-53.73,4.4
066130,-25.14,-22.02,-31.61,1.0
066310,-51.87,-19.67,-13.01,30.1
066360,-47.91,-16.79,-18.47,1.9
066410,0.0,0.0,0.0,0.0
066430,6.55,-27.01,40.75,223.5
066590,-3.42,-29.21,-17.64,26.2
066620,-0.21,8.37,6.64,3.2
066670,-10.98,-14.98,-22.1,3.0
066700,-33.44,-30.33,-34.31,2.9
066790,0.0,0.0,0.0,0.0
066900,14.1,-7.77,-15.13,0.2
066910,-37.72,-24.5,-53.52,11.1
066980,-9.5,15.41,8.94,71.9
067000,-55.23,-47.8,-41.8,6.1
067010,-12.29,-14.43,-23.32,0.5
067080,-39.87,-43.77,-42.09,13.9
067160,-21.18,-29.39,-47.16,32.9
067170,-15.4,7.97,-11.97,66.4
067280,-13.91,-18.32,-27.1,2.9
067290,-8.86,-7.76,21.76,241.1
067310,-17.62,28.43,208.55,1060.9
067370,-23.33,15.86,-10.78,3.3
067390,-39.04,-22.44,-27.22,8.6
067570,-20.27,-27.57,-27.42,2.4
067630,-48.42,-52.07,-54.91,12.6
067730,-40.49,-17.98,-33.54,1.4
067770,-10.41,-13.16,-16.46,1.0
067900,-18.38,-7.89,-14.76,7.6
067920,-29.03,-2.85,-10.19,2.9
067990,-19.49,-4.89,-16.72,7.2
068050,-29.75,-36.25,-45.61,0.7
068100,-12.77,-21.01,-25.73,0.8
068240,0.0,-22.87,-68.92,0.0
068330,-40.62,-39.2,-48.47,1.7
068760,-30.7,-36.38,-23.14,42.5
068790,-5.76,-12.36,-12.36,7.4
068930,-9.6,-5.46,-11.53,3.2
068940,0.0,0.0,0.0,0.0
069080,-4.39,-7.1,-20.04,14.0
069140,-19.06,-36.58,13.56,2.7
069330,-13.93,-0.75,-7.57,1.2
069410,-41.59,-45.05,-47.0,1.5
069510,-20.32,-13.6,-28.23,2.1
069540,-59.06,45.42,75.82,521.8
069920,-50.92,-75.88,-90.61,3.6
070300,-39.57,13.86,19.95,10.2
070590,-16.39,-15.66,-9.11,0.5
071200,23.33,46.9,20.76,10.0
071280,-31.55,-21.59,-43.4,8.4
071670,-45.76,-56.49,-22.48,11.1
071850,-5.89,-7.62,-13.68,0.2
072020,-6.41,-2.75,-8.0,2.0
072470,-40.41,-34.14,-31.1,1.8
072770,-33.92,-29.1,-22.25,3.2
072870,-2.65,19.5,15.84,3.8
072950,-45.92,23.66,33.72,159.8
072990,-30.86,-41.53,-23.79,1.8
073010,-47.11,-39.54,-37.97,15.7
073110,-14.96,-4.14,-24.74,1.0
073190,-36.36,-44.48,-59.42,1.7
073490,-44.76,5.76,42.39,56.2
073540,-53.43,4.21,9.64,2.9
073560,-14.42,0.47,0.87,2.5
073570,-59.95,-64.93,-76.01,2.7
073640,0.0,0.0,0.0,0.0
074430,-29.85,-42.6,-1.22,2.4
074600,-33.63,5.51,45.47,145.2
075130,-17.01,-15.07,-32.09,0.9
075970,-29.35,-25.33,-32.69,1.1
076080,-23.2,-2.25,-37.69,0.9
076610,-23.17,-16.22,98.46,65.3
077360,-51.81,8.11,106.29,154.9
078020,-17.4,20.26,21.63,16.7
078070,-47.77,-21.06,-16.13,8.9
078130,-6.8,19.67,-34.33,7.9
078140,-28.68,-33.33,-44.01,1.8
078150,-33.32,-9.06,1.55,215.5
078160,-69.45,-50.97,-26.94,39.2
078340,-23.3,-22.04,-32.9,14.6
078350,-39.97,-14.3,119.96,74.5
078590,-43.06,-70.16,-25.69,7.9
078600,-58.81,6.81,-1.83,328.9
078860,-38.96,-74.36,-80.7,1.7
078890,-44.36,-41.86,17.19,64.1
079000,-45.08,-35.86,-14.77,6.1
079170,-29.3,-26.12,-34.0,0.9
079190,-16.97,-47.12,-42.08,17.9
079370,-48.15,-43.07,-26.17,47.7
079650,180.65,180.44,149.34,251.3
079810,-62.3,-45.11,-60.44,9.1
079940,55.9,45.86,98.95,7.4
079950,2.41,-67.03,-39.91,2.6
079960,-37.98,-31.03,-26.2,12.9
079970,0.0,0.0,0.0,0.0
080010,7.33,10.61,28.55,0.6
080160,-26.29,-20.61,-26.29,6.8
080220,30.19,134.72,365.25,3317.1
080420,-31.78,-29.74,-42.0,0.2
080470,-29.73,-34.2,-34.2,0.8
080520,-36.02,-5.45,-12.54,1.1
080530,-41.6,-53.15,-65.98,0.8
080580,-48.06,6.87,82.76,91.4
080720,0.0,0.0,0.0,0.0
081150,-23.7,-12.18,-18.65,44.9
081180,-58.32,-58.05,-35.75,15.8
081580,-30.25,-2.86,-12.68,2.6
082210,5.96,10.97,29.24,4.6
082270,-58.57,-61.63,-82.51,36.4
082660,0.0,0.0,0.0,0.0
082800,-26.83,-40.1,-64.13,30.9
082850,-52.91,-46.46,-53.85,3.7
082920,-45.63,52.08,98.8,228.2
083310,-51.45,-35.93,-23.72,19.4
083450,-9.57,54.42,119.16,181.9
083470,-43.7,-16.39,-23.58,2.6
083500,-41.15,-13.47,-6.94,38.5
083550,-27.07,-26.65,-12.66,0.8
083640,-39.17,-14.84,-30.71,2.5
083650,-54.43,-32.33,10.62,227.7
083660,-30.51,-51.48,-89.47,8.4
083790,-40.17,-38.25,-56.47,2.2
083930,-38.93,-24.94,-21.67,16.8
084110,-62.41,-50.2,-44.32,30.9
084180,-53.68,-79.65,-89.12,2.3
084370,-19.41,44.64,159.69,416.7
084440,-11.57,-4.88,-11.87,0.6
084650,-55.17,-63.55,-72.33,44.2
084730,-25.99,-33.26,-29.42,1.8
084850,-56.52,-14.44,-38.37,7.7
084990,-61.04,-45.72,4.76,20.8
085660,-50.5,-46.34,-22.65,43.8
085670,-56.46,-54.95,-31.82,13.1
085810,-32.31,-51.76,-51.04,0.7
085910,-43.48,31.67,354.84,53.7
086040,-35.17,-16.83,-27.98,1.5
086060,6.3,21.03,19.49,1.5
086390,-55.47,-29.45,-32.84,45.0
086450,-29.61,6.73,-1.25,73.5
086520,-50.13,-26.25,53.74,1538.1
086670,-14.81,24.12,52.98,16.1
086710,-31.39,-22.47,-38.93,4.3
086820,-44.44,-22.54,-26.26,10.0
086890,-25.56,-39.09,-31.63,8.5
086900,-34.08,-43.15,-52.98,44.7
086960,-34.49,-47.12,-47.95,78.2
086980,-34.87,-25.09,-29.82,9.1
087010,-59.32,-55.39,-60.38,469.9
087260,-89.12,-87.86,-87.52,15.0
087600,-33.95,-39.49,-41.32,0.5
088130,-56.31,25.54,54.08,24.6
088280,-59.28,39.43,6.16,21.5
088290,-12.72,-42.82,-59.12,0.3
088340,-50.29,-54.81,-65.02,3.7
088390,-52.01,-26.25,-42.66,2.5
088800,-63.46,-42.38,-30.0,14.8
088910,-13.0,8.21,2.35,5.0
089010,-41.98,-37.25,-3.48,102.8
089030,-27.1,21.1,66.85,1079.1
089140,0.67,-6.78,-5.81,5.1
089150,-50.31,-35.25,-51.24,3.3
089230,-63.04,10.58,6.42,14.0
089600,-13.71,-16.38,-35.06,1.7
089790,-38.5,-15.48,-4.17,10.7
089850,-23.45,-21.35,-27.81,1.2
089890,-43.54,-6.21,143.4,76.2
089970,31.36,197.36,573.09,580.7
089980,-53.44,-13.8,-22.39,13.1
090150,-50.35,-31.08,-33.47,1.7
090360,-7.62,-26.28,123.62,533.1
090410,-44.49,-39.17,-49.12,9.7
090470,-59.46,-21.13,0.4,3.9
090710,-50.49,-57.07,134.29,677.2
090850,-1.75,24.05,-5.5,3.6
091120,-38.81,-50.49,-63.95,5.3
091340,-19.74,-6.77,-19.43,1.1
091440,0.0,4.26,31.61,8.5
091580,-45.45,0.76,80.94,41.4
091590,14.93,31.26,13.45,79.8
091700,-30.46,-18.65,-12.25,16.5
091970,5.83,32.37,25.76,9.2
092040,-38.18,-32.37,-71.23,12.4
092070,-51.69,-27.95,-4.51,12.6
092130,-6.58,-10.64,-13.74,1.2
092190,14.5,103.49,68.54,107.2
092300,-35.68,-28.08,-18.57,16.4
092460,-15.81,2.57,66.87,18.8
092600,-51.37,-10.45,-26.15,4.8
092730,-8.28,-0.8,-0.9,8.7
092870,-60.17,-22.09,41.4,80.6
093190,6.84,39.8,34.02,2.0
093320,33.15,9.85,64.53,16.1
093380,-2.38,-4.81,-3.78,1.6
093520,-27.79,-12.49,-8.48,7.5
093640,-34.12,-19.52,-29.0,4.4
093920,-6.67,-5.76,-16.09,1.3
094170,-34.6,6.35,61.79,49.2
094360,-46.79,-43.24,-41.47,21.9
094480,-42.86,-54.34,-51.27,18.0
094820,-45.0,-28.85,4.47,43.7
094840,7.9,71.02,72.66,5.2
094850,-25.22,-27.29,-38.36,2.2
094860,-16.72,11.41,9.27,2.7
094940,-47.45,-53.11,-26.88,30.8
094970,-29.32,-4.49,-2.67,5.8
095190,-12.65,-10.12,7.41,5.1
095270,-58.59,-16.92,-13.87,13.9
095340,-42.72,29.05,130.87,553.3
095500,-35.74,-41.0,-36.92,27.1
095610,51.73,185.32,446.59,828.5
095660,-24.77,-32.97,-28.25,12.8
095700,-56.43,-46.14,-54.34,8.4
095910,-58.94,-43.66,-44.47,25.8
096240,-20.44,-28.51,-37.86,3.7
096250,-48.03,-48.72,-60.38,11.3
096350,-45.03,-19.73,-15.71,9.8
096530,9.6,10.26,-9.12,105.2
096610,0.0,0.0,0.0,0.0
096630,-54.56,-48.55,-51.01,4.4
096690,-34.35,-45.11,-56.23,0.7
096870,-2.04,1.48,-6.26,2.0
097780,-34.28,-34.83,-47.6,0.7
097800,-25.83,-30.35,-25.04,9.0
097870,-24.66,-14.84,-26.01,3.4
098070,-43.55,-29.34,-32.86,23.3
098120,-39.81,20.15,4.76,43.4
098460,-39.01,-10.73,76.11,803.2
098660,-14.19,-19.89,-32.1,0.4
099190,-29.69,4.98,-14.51,12.2
099220,-48.76,-34.88,-47.38,10.6
099320,-54.4,-44.97,70.16,131.3
099390,-33.23,-35.57,-48.6,0.8
099410,-41.71,-38.7,-4.33,12.6
099430,-38.53,-32.65,-53.13,19.3
099440,-24.15,-52.0,-10.88,22.6
099520,0.0,0.0,0.0,0.0
099750,-25.11,-28.65,-24.53,1.6
100030,-16.11,-27.84,-8.68,1.7
100120,-17.84,12.87,8.31,18.4
100130,-36.69,-21.11,-44.11,6.4
100590,-51.31,-1.25,-5.26,123.7
100660,-36.67,-45.09,-18.92,9.5
100700,-19.44,-1.28,-13.75,3.1
100790,-78.54,1.21,102.27,923.7
101000,-62.07,-65.75,-83.91,2.4
101160,-15.74,27.62,18.63,37.8
101170,-49.68,-64.85,38.4,73.6
101240,-26.89,-22.11,-29.3,3.0
101330,-31.15,-32.69,-3.35,21.9
101360,-67.79,-65.98,-70.84,12.2
101400,-35.77,-45.16,-31.77,1.6
101490,-63.26,-41.04,-16.67,154.7
101670,-60.43,-66.3,-63.36,13.4
101680,-25.95,-25.83,6.85,1.3
101730,-39.05,-44.1,-53.86,17.2
101930,-30.0,-16.99,-1.75,6.2
101970,-29.24,-16.52,-33.47,2.6
102120,-54.16,-40.83,-37.25,46.5
102370,-11.23,-22.45,-37.49,3.2
102710,-30.78,-12.76,17.93,61.4
102940,-69.61,-68.21,-48.26,24.9
103230,-36.96,-37.88,-22.26,1.0
103840,-39.65,-37.49,-38.59,1.9
104040,-19.2,-27.45,-52.43,1.4
104200,-35.43,-54.04,-10.45,2.0
104460,-43.27,-40.14,-55.53,3.2
104480,-37.2,-11.18,-17.16,10.3
104540,-30.49,-39.01,-35.14,1.7
104620,-36.39,-38.22,-43.99,3.4
104830,-40.8,-11.08,48.4,33.3
105330,-33.83,21.57,44.19,6.0
105550,-70.17,-73.62,-85.13,4.2
105740,-34.46,-31.02,-15.53,6.1
105760,-33.39,-30.11,-45.17,2.3
106080,0.0,144.08,-15.38,0.0
106190,-45.93,-6.76,-15.21,7.2
106240,-47.88,-45.33,13.36,4.4
107600,-60.78,-63.98,-33.81,4.4
107640,-54.96,-36.34,0.66,54.1
108230,-39.37,-39.37,-40.98,3.8
108380,-43.65,-36.65,-32.01,11.8
108490,-34.56,-22.98,145.99,877.1
108860,-49.78,-43.81,-50.43,29.6
109080,-48.85,-9.6,-18.7,8.8
109610,-38.0,-35.94,-46.6,19.1
109670,-24.02,-31.2,-44.79,0.6
109740,4.74,-42.27,-30.51,3.9
109820,-24.45,-31.88,-38.69,2.0
109860,0.27,-1.97,-10.11,0.3
109960,-48.35,-65.21,-74.1,0.2
110020,-9.31,-10.47,-38.56,0.8
110790,-25.38,-24.9,-39.63,0.4
110990,-36.06,-7.08,23.87,37.9
111710,-28.96,-29.95,-37.85,32.9
112040,-32.14,-42.56,-51.51,39.6
112290,-23.27,-18.03,-11.15,81.8
113810,-35.51,-40.91,-52.36,2.5
114190,-46.5,-51.97,-35.79,16.3
114450,-31.76,-29.46,-20.64,36.9
114630,-38.01,-40.77,-44.99,2.1
114810,-46.91,-11.92,18.39,40.4
114840,-26.23,-45.36,-50.12,5.9
115160,-12.34,-25.38,-39.11,4.5
115180,-54.85,-39.59,67.51,34.9
115310,-48.84,-51.65,-40.25,1.7
115440,-49.2,-13.3,5.89,113.1
115450,-49.75,-46.47,-54.17,13.0
115480,-35.11,-39.42,-41.03,0.8
115500,-51.31,-20.18,-14.71,119.1
115530,-47.02,-44.25,-64.19,0.9
115570,-21.68,-16.33,-22.05,0.6
115610,-35.45,-41.87,-25.59,10.9
117670,-52.51,-35.42,11.84,3.7
117730,-38.17,-50.12,14.76,31.5
118990,-43.27,-48.9,-44.44,10.0
119500,-44.52,-48.17,-21.27,3.5
119610,-36.63,-9.27,-28.43,14.8
119830,-35.43,-21.53,-15.6,22.0
119850,29.8,24.45,39.17,117.6
120240,4.94,15.63,8.38,3.5
121440,30.33,44.0,14.83,17.6
121600,-53.77,-28.36,-23.41,52.6
121800,0.0,0.0,0.0,0.0
121850,-48.28,-61.42,-84.25,1.6
121890,28.09,20.08,46.16,4.2
122310,-25.27,-16.49,-38.99,1.0
122350,9.13,-7.82,20.97,65.8
122450,-20.37,-24.82,-40.81,3.7
122640,-26.77,18.72,22.6,217.6
122690,-31.71,-45.77,-27.26,1.2
122870,-27.11,-43.71,-52.11,50.9
122990,-22.61,-3.54,-7.99,13.1
123010,-2.33,18.63,50.44,25.7
123040,-35.17,-32.84,-45.34,3.6
123330,-21.59,26.04,-31.78,49.7
123410,-26.11,-37.82,2.37,9.9
123420,-23.3,-22.12,-45.28,8.2
123570,-16.09,-10.74,-28.63,0.2
123750,1.19,10.3,45.21,1.3
123840,-66.85,-80.89,-84.21,0.7
123860,-33.69,-29.18,-38.11,16.1
124500,-54.49,-47.38,8.9,99.3
124560,-31.99,-28.57,-41.64,3.3
125020,-15.65,31.9,-1.51,134.6
125210,-63.13,-14.0,-14.0,23.9
125490,-53.05,-60.5,,174.1
126340,-53.23,-27.42,117.37,165.7
126600,-33.41,-28.36,-6.34,12.4
126640,155.61,187.67,206.92,218.5
126700,-50.76,-42.01,-37.69,18.0
126730,-35.72,-24.57,5.33,209.3
126880,-32.04,-25.85,-39.65,4.3
127120,-25.34,50.34,117.26,65.0
127710,-38.53,-3.08,-6.89,0.7
127980,-50.58,-46.13,-49.58,2.6
128540,-32.31,-46.89,-24.35,2.3
128660,-25.35,-10.17,-13.62,3.9
129890,-16.32,0.43,3.0,4.9
129920,-62.53,-3.44,-7.77,24.0
130500,-29.86,-30.27,-35.52,0.8
130580,-5.38,-4.39,-4.89,0.5
130740,-9.43,-28.76,8.6,5.1
131030,-43.07,-29.55,-25.11,8.9
131090,-8.53,1.58,-8.31,1.2
131100,-45.54,-46.61,-62.58,0.4
131180,-21.15,-22.71,-27.82,0.3
131220,-19.98,-19.39,-23.44,0.8
131290,19.54,176.64,427.34,290.5
131370,-45.71,-39.75,-51.74,3.7
131400,-64.29,-62.71,-68.36,33.0
131760,-63.44,-37.77,-41.43,11.0
131970,-37.58,40.18,180.88,467.0
133750,-29.65,-26.46,-36.31,0.5
134060,7.8,17.05,7.56,0.6
134580,-33.9,-42.6,-39.72,1.3
136150,-61.66,-61.13,-72.59,4.8
136410,-36.91,-50.57,-57.9,1.6
136480,-21.09,-11.28,-13.29,21.8
136540,-16.53,-7.31,-17.72,4.4
137080,-10.12,32.66,36.46,1.6
137400,-49.66,-33.22,-13.8,64.7
137940,-22.92,-32.99,-47.86,0.8
137950,-32.69,-3.98,-21.6,5.7
138070,-17.49,-19.2,-35.66,0.8
138080,-55.39,15.8,91.3,219.3
138360,-29.89,-40.64,157.31,50.7
138610,-48.54,-58.33,-39.45,8.7
139670,-31.1,-34.77,-44.49,0.5
140070,-34.78,-20.0,-33.98,3.1
140410,-40.83,-54.36,36.28,95.3
140430,-53.79,-54.81,-58.69,2.2
140520,-13.42,-5.72,-16.2,0.7
140670,-48.01,-56.63,-36.16,29.9
140860,-12.3,1.84,-8.94,137.9
141000,-31.23,5.5,-8.93,9.0
141080,-51.95,-42.07,-32.08,637.0
142210,-8.73,-21.62,-18.25,73.1
142280,-31.24,-29.62,-32.88,115.7
142760,-55.79,-77.38,-77.49,1.8
143160,-12.42,-11.83,-3.7,2.0
143240,-2.02,24.7,14.54,1.9
143540,-25.6,5.74,55.31,4.5
144510,-47.0,-41.82,-36.75,7.9
144960,43.94,64.88,78.95,125.5
145020,-12.17,-11.01,-30.62,144.6
145170,-39.36,-25.98,-45.32,25.2
146060,-31.62,-25.59,-25.18,7.8
146320,-46.48,-29.99,3.04,9.5
147760,-32.29,29.56,92.66,17.0
147830,-24.43,-17.08,5.17,70.0
148150,-39.11,-36.62,-57.46,4.0
148250,-50.35,-32.37,-70.2,3.1
148780,-63.29,-69.8,-80.0,2.5
148930,5.86,6.52,-10.21,1.7
149950,-35.02,-6.52,6.33,69.6
149980,-50.92,-50.92,-50.92,8.5
150900,-42.14,-19.43,-32.47,20.2
151860,-22.59,-4.39,-16.41,11.2
153460,-38.23,-14.11,-20.63,2.4
153490,-52.37,-32.76,-37.7,1.1
153710,-10.98,-7.6,-9.23,0.8
153890,,,,684.9
154030,-20.15,-18.54,-31.31,0.6
154040,-33.61,-32.94,-39.49,1.3
155650,-32.59,-28.63,-24.06,11.4
156100,-47.01,-71.45,-44.34,10.2
158430,-56.3,-46.9,-57.46,38.2
159010,29.72,175.83,275.17,33.3
159580,-48.63,-45.93,-56.45,1.6
159910,-19.5,6.8,-21.65,1.2
160190,-62.42,-77.34,-52.13,44.8
160550,-38.09,-48.6,-50.18,0.9
160980,2.2,118.16,172.84,75.7
161580,-45.97,-43.15,-19.91,183.9
162300,-21.12,-14.3,-33.51,2.3
163280,-49.92,-46.29,-63.88,3.5
163730,-58.64,-33.83,-38.73,23.0
166090,-23.17,0.74,122.81,140.4
166480,-44.19,-30.78,-32.07,21.1
168330,-32.21,-32.83,-48.32,1.7
168360,-48.21,-19.89,16.52,39.1
169330,-34.71,-27.14,-35.16,0.4
170030,-16.43,-26.69,-27.25,12.7
170790,-30.05,-9.43,-4.0,3.2
170920,-13.84,65.7,234.87,164.2
171010,-27.64,-28.85,-36.28,7.4
171090,-48.27,-2.18,50.13,68.6
171120,-25.87,-2.88,-11.21,4.7
172670,-47.71,-39.05,19.88,20.2
173130,-25.06,-2.98,-1.75,13.9
173940,-44.75,-40.76,-40.0,0.7
174900,-61.82,-68.82,62.47,77.1
175140,-43.54,-49.89,-63.88,2.4
175250,0.0,0.0,17.93,0.0
176750,-19.14,-16.74,-33.42,2.0
177350,-35.23,-39.62,-30.43,9.7
177830,-13.58,-17.23,-19.41,1.0
177900,-44.47,-35.66,-47.24,5.0
178320,-27.51,21.88,74.5,1118.0
178780,-11.54,-11.71,-15.13,0.6
179290,-28.98,-33.72,-39.41,6.8
179530,-35.61,-4.9,-51.99,3.0
179900,-86.1,-87.01,-88.16,33.0
180400,-52.74,-29.4,14.78,4.1
182360,-49.09,-59.48,-68.91,3.0
182400,0.0,-0.41,33.7,0.0
183300,-19.52,21.16,102.61,245.3
183490,0.0,-26.28,-7.82,0.0
184230,-59.35,-39.69,-44.02,8.2
185490,3.8,3.23,-46.61,29.5
186230,-32.23,-42.43,-54.37,1.7
187220,-25.54,0.21,-15.09,0.9
187270,-27.24,-21.34,-24.45,0.7
187420,-43.83,-40.77,-46.34,4.4
187660,-61.05,70.61,197.51,74.2
187790,-51.48,-4.02,67.48,32.3
187870,-40.16,51.43,101.45,61.2
188040,-20.94,-33.31,-69.91,1.3
188260,3.87,6.22,-18.59,0.5
189300,-53.3,-19.55,21.07,175.1
189330,45.27,112.96,34.04,70.4
189690,-24.53,-23.24,-32.06,1.0
189860,-38.73,-0.61,5.74,36.4
189980,-30.39,-25.54,-37.54,1.3
190510,-32.75,-45.44,-6.92,16.3
190650,-22.68,-8.16,-7.53,1.5
191410,-58.57,-57.0,-29.73,3.2
191420,-51.82,-55.83,-64.92,1.7
192250,-46.12,-27.76,-43.27,10.8
192390,-9.07,-16.98,-37.56,1.0
192410,-38.98,149.42,24.89,14.0
192440,8.89,32.13,8.09,4.4
193250,-11.76,-8.17,-31.61,0.8
194480,-27.83,-50.75,-59.91,11.7
194700,-14.68,-8.94,-33.66,21.8
195500,-44.99,-42.66,-46.51,4.0
195940,-26.05,-21.02,-10.16,70.6
195990,-51.98,-60.87,-70.91,2.3
196170,-18.56,-22.45,-34.96,1747.9
196300,-46.59,-53.34,-49.61,1.1
196450,-34.76,2.55,31.26,5.6
196490,2900.0,2900.0,2900.0,0.0
196700,-40.45,-41.24,-6.97,2.5
197140,-2.78,-4.98,-2.1,0.6
198080,-28.55,-9.32,-12.92,3.3
198440,-6.41,0.54,-15.65,85.0
198940,-7.85,-15.28,-17.53,13.7
199430,-54.06,-69.29,-0.81,10.2
199480,-47.36,-51.71,-67.71,1.2
199550,-54.37,-55.38,-60.64,2.8
199730,-63.26,-66.33,-71.68,0.7
199800,-56.96,-27.75,41.3,37.9
199820,-42.06,-29.86,-45.22,147.2
200130,-31.18,-34.8,-43.13,9.6
200230,-64.28,-74.29,-86.73,2.4
200350,-70.88,-65.32,-81.11,2.2
200470,-52.15,-41.78,91.42,86.8
200670,-30.62,-40.62,-64.96,11.3
200710,-57.11,-27.0,30.4,88.8
200780,-30.47,-34.8,-22.21,0.6
201490,-36.76,-50.36,-65.91,9.3
203400,-67.74,-77.95,-77.76,15.6
203450,-19.14,-28.22,-21.08,0.8
203650,-39.34,11.44,2.62,305.9
204020,-14.41,-7.43,-43.73,1.0
204270,-30.63,-33.04,-20.57,96.0
204610,-15.74,50.39,34.51,8.2
204620,-14.59,0.11,-38.71,59.6
204840,-22.48,-22.11,-29.95,1.5
205100,-23.79,-29.68,-34.02,12.2
205470,-46.32,-55.62,-69.31,5.0
205500,-14.83,-24.34,-59.36,11.4
206400,-35.4,-57.11,-64.59,1.7
206560,-61.73,-73.92,-81.13,1.8
206640,-7.75,-12.96,-22.51,4.8
206650,-43.28,-32.58,-42.47,23.0
207760,-58.31,-68.04,-73.48,1.7
208140,-12.62,-12.45,-19.01,1.6
208350,-8.33,6.21,9.41,0.9
208370,-45.31,-57.17,-43.02,4.2
208640,-43.92,-63.89,-58.76,5.1
208710,-34.62,-27.41,-13.76,29.2
208860,-25.76,-31.3,-45.46,0.8
209640,-59.44,-34.05,-12.86,68.4
210120,-37.67,-48.73,-77.29,3.1
211050,-14.4,-28.72,-19.95,13.9
211270,-57.19,-59.41,-39.31,40.2
212560,32.11,-3.75,85.54,30.6
212710,-3.59,0.24,-22.6,27.6
213420,-44.44,-19.4,-27.16,70.5
214150,-25.17,-29.22,-23.76,125.4
214180,-29.84,-19.35,-13.38,12.2
214260,-9.8,-31.88,-42.61,2.9
214270,-32.42,-23.47,-50.83,3.0
214370,-47.45,-34.22,-0.53,73.4
214430,-40.13,-30.74,-43.81,38.4
214450,10.53,-24.6,-36.02,435.5
214610,0.0,-35.22,-59.68,0.0
214680,-49.78,-52.53,-44.61,4.0
215000,-23.5,-28.23,-42.06,12.5
215090,-46.86,-50.6,-64.96,4.1
215100,-49.53,-68.1,-23.06,31.6
215200,-12.25,-3.52,-20.1,16.8
215360,-31.45,-30.08,-30.0,2.6
215380,-19.33,14.51,53.59,3.2
215480,-13.33,-3.45,-14.45,1.1
215600,-44.19,-38.83,-34.19,18.0
215790,-53.77,40.14,77.26,145.3
216050,-30.81,-31.31,-41.02,2.3
216080,-41.67,-51.45,-40.34,11.4
217190,-29.25,-1.18,8.83,13.5
217270,-42.39,-56.74,-67.78,1.8
217330,-38.32,-61.21,9.68,10.7
217480,0.0,0.0,0.0,0.0
217500,-50.63,-64.16,-16.24,9.7
217730,-48.54,2.17,51.4,20.3
217820,-52.99,-54.37,-44.42,7.3
218150,-22.59,-16.81,-33.87,30.8
218410,-55.04,28.9,61.47,313.3
219130,54.52,100.29,276.52,55.4
219420,-33.92,-40.35,-33.13,3.3
219550,-31.17,-26.64,-42.87,1.5
219750,-54.71,-49.58,-68.07,0.8
220100,-58.02,-66.92,-58.5,14.9
220180,-31.74,-22.75,-52.87,0.4
220260,-48.14,-48.89,-27.38,10.4
221800,-78.0,-5.26,45.16,13.0
221840,-36.24,-5.2,-29.32,0.7
221980,-7.93,-7.75,-16.86,0.2
222040,50.45,139.42,76.39,21.1
222080,-57.91,-23.9,-7.84,159.3
222110,-19.87,-10.45,-27.27,3.4
222420,-42.71,-17.11,-0.8,6.2
222800,-0.45,75.6,292.46,991.4
222980,-18.13,-24.35,-43.99,0.4
223250,-42.71,-54.08,-16.81,72.0
223310,-62.87,-60.71,-82.12,12.5
224060,-22.04,23.92,40.14,2.3
224110,-15.52,-17.08,-32.3,1.6
225190,-74.37,-58.95,-66.81,12.0
225220,-33.57,-30.56,-40.05,1.0
225430,-44.1,-43.0,-53.69,4.6
225530,-48.21,-30.56,-47.57,7.3
225570,-27.6,-29.35,-39.29,14.0
225590,-33.02,-26.8,-34.86,0.7
226330,-42.3,-49.86,-66.31,5.3
226340,-63.15,-47.92,-67.17,1.6
226400,-33.06,-28.78,-34.51,9.6
226590,-59.24,-26.35,10.01,33.0
226950,-39.93,-14.05,128.36,473.6
227610,-5.05,-8.07,-36.31,0.9
227950,-55.71,-31.45,-38.45,1.4
228340,26.29,37.58,28.69,41.0
228670,-44.65,-17.77,-38.68,7.2
228760,-34.42,-50.13,-15.21,13.4
228850,-3.07,18.61,-12.04,2.6
229000,-28.52,-9.65,3.32,51.2
230240,-42.14,18.59,-0.12,110.4
232140,-61.03,-37.72,-15.53,123.1
232680,-51.94,-47.83,13.66,92.0
232830,-63.92,-43.04,-42.69,5.3
234030,-59.27,-69.63,-71.34,6.9
234100,-47.89,-57.94,-61.31,1.8
234300,-23.82,-19.58,-25.77,2.9
234340,-47.0,-14.92,-18.07,112.2
234690,-45.29,-14.24,-18.04,14.5
234920,0.0,0.0,-2.39,0.0
235980,-49.35,-54.06,-37.15,5.2
236200,-15.8,1.85,41.27,14.3
236810,-46.05,-50.19,-70.98,0.7
237690,-21.15,-16.4,30.25,158.8
237750,-23.95,-23.72,-14.57,3.6
237820,-41.68,-34.95,-44.81,0.7
237880,-25.8,-24.28,-35.39,7.3
238090,-37.41,20.45,4.62,3.5
238120,-29.3,-16.37,-8.64,0.9
238200,-18.29,-22.35,-33.57,0.5
238490,-37.79,-27.97,-35.07,0.9
239340,-55.48,-61.24,-67.59,1.0
239610,-35.59,-29.95,-53.61,0.1
239890,-46.95,-31.9,-37.52,2.6
240550,-27.58,-31.4,-57.31,11.3
240600,-28.31,-35.67,-38.81,4.2
240810,-13.44,31.2,268.13,2113.5
241520,-52.81,-1.94,11.49,92.5
241690,-37.24,-31.28,-17.73,2.5
241710,-6.16,-0.49,20.99,63.4
241770,-19.28,43.58,156.12,13.5
241790,-44.87,-32.46,-35.47,10.8
241820,0.0,0.0,1900.0,0.0
241840,-57.3,-68.53,-76.11,1.7
242040,-27.49,79.71,150.67,226.3
243070,-5.96,-5.08,-14.55,20.6
243840,-58.83,-25.09,6.94,23.7
244460,0.0,0.0,0.0,0.0
245620,78.55,78.55,78.55,0.0
246250,0.0,0.0,0.0,0.0
246690,-57.34,-41.35,-48.07,19.1
246710,-24.64,-28.98,-14.63,6.3
246720,0.0,-28.34,-1.46,0.0
246960,-24.37,-27.51,-39.19,1.1
247540,-47.93,-37.87,-5.5,1087.0
247660,-42.05,-44.62,-46.96,1.2
250000,-32.01,-32.44,-46.08,1.0
250060,-47.85,-61.94,0.99,19.7
250930,-25.42,-18.38,-27.21,0.6
251120,-46.09,-49.9,-58.65,3.3
251370,-52.23,-23.11,-7.73,38.0
251630,-42.66,-55.73,-30.67,7.4
251970,0.11,-26.3,-30.38,19.8
252500,-37.78,-36.22,-40.19,0.7
252990,-1.74,63.22,186.5,123.8
253450,-42.44,-55.33,-56.0,20.5
253590,-51.97,-19.93,7.75,105.2
253840,-31.34,-32.61,-36.55,129.5
254120,-45.24,-48.26,-46.67,11.6
254490,-28.18,-8.92,-20.13,170.4
255220,-50.5,-52.17,-38.06,34.7
255440,-34.79,-32.81,-7.25,4.0
256150,-17.04,-13.68,-26.44,0.5
256630,-29.07,-18.14,-28.77,0.7
256840,-41.61,-50.1,-53.4,15.2
256940,-32.04,-41.22,-59.23,4.4
257370,-31.57,-30.27,-30.27,0.8
257720,-27.77,-28.5,-29.29,231.7
258610,-24.96,-18.15,-42.98,1.8
258790,-56.05,-35.82,-32.25,1.7
258830,0.0,0.0,0.0,0.0
259630,-46.69,-25.02,3.73,21.8
260660,-35.13,-42.45,-48.23,3.0
260930,-35.38,-40.09,-56.17,1.4
260970,-14.58,-31.57,-54.49,23.9
261200,-37.31,-40.17,-61.08,1.6
261520,-47.91,-57.65,,4.3
261780,-39.41,-19.29,-23.65,112.8
262260,-66.49,-47.86,-57.63,19.7
262840,-16.01,-13.43,-35.0,2.7
263020,-3.46,1.15,5.68,8.0
263050,0.0,37.59,-47.54,0.0
263600,-48.96,-35.13,-33.44,3.0
263690,-11.71,-7.34,-8.68,1.7
263700,-30.92,-30.28,-63.31,0.9
263720,-42.1,-44.57,-57.86,2.5
263750,-42.28,-25.14,-14.32,207.3
263770,-25.84,-16.71,-26.01,0.4
263800,0.56,9.04,0.56,77.3
263810,-19.72,-17.92,-17.12,6.7
263860,-24.82,-34.14,-47.11,11.1
263920,2.89,7.05,-22.5,0.5
264450,-34.37,-17.88,17.99,16.0
264660,-42.18,-31.46,-0.73,22.4
264850,-26.9,-44.04,-0.88,177.3
265520,-22.82,-2.0,2.98,28.7
265560,-30.98,-10.66,-13.3,3.0
265740,-21.71,8.5,8.05,8.5
267320,-45.88,-40.9,-46.03,53.8
267790,-4.89,-6.76,-22.75,0.6
267980,-6.11,-2.31,-10.11,2.2
269620,0.0,0.0,0.0,0.0
270520,35.96,-15.76,-78.17,9.4
270660,-33.66,-54.91,-28.29,13.6
270870,5.08,-5.29,-21.63,0.7
271830,-42.03,-43.89,-46.07,43.9
272110,-33.12,13.64,48.31,42.6
272290,-43.87,-26.86,-28.67,66.6
273060,-22.2,-4.75,-23.1,4.2
273640,-51.73,-38.56,-45.14,8.2
274090,-58.78,-59.14,-21.04,263.1
274400,-47.5,-47.04,-56.57,0.6
275630,-8.85,32.39,13.25,0.7
276040,0.0,-69.0,-85.27,0.0
276730,45.96,-11.93,-44.17,4.9
277070,-30.44,-31.52,-38.05,0.3
277410,-53.1,-52.28,-59.63,1.6
277810,-31.62,-22.36,56.74,1129.8
277880,-45.86,-45.47,-41.52,3.6
278280,-50.44,-36.19,-27.57,28.6
278650,-70.28,-76.2,-73.57,3.6
279600,-33.0,-35.05,-68.51,0.3
281740,-51.37,-42.27,-4.95,91.6
282720,-52.42,-31.64,-27.35,15.7
282880,-43.96,-51.35,-24.06,9.2
284620,0.0,0.0,-0.37,0.0
285490,-52.75,-56.11,-43.05,10.2
285800,-53.17,-38.42,-57.24,7.3
286750,17.55,7.16,-4.57,3.1
287840,-50.38,-61.72,-24.33,18.9
288180,,,,117.5
288330,0.0,-60.94,-83.19,0.0
288620,-57.67,-59.56,-62.09,4.7
288980,-47.1,-10.5,-39.32,8.7
289010,-46.22,-45.66,-54.14,0.9
289080,-58.31,-16.22,11.27,21.8
289220,-61.93,-70.53,-81.49,1.5
289930,-68.05,-33.58,-21.69,22.2
290090,-39.11,-41.62,-54.59,0.3
290120,-11.09,-13.95,-9.76,1.2
290270,-36.84,-31.32,-27.7,1.8
290520,-22.78,-9.37,-2.66,3.8
290550,-20.22,195.83,210.5,88.0
290560,-45.2,-37.5,-23.61,1.9
290650,-19.6,-1.4,62.9,266.3
290660,-21.86,14.66,-41.35,16.0
290670,-63.13,-63.38,-73.38,2.8
290690,9.03,0.6,-17.85,212.4
290720,-8.85,66.84,40.48,3.1
290740,-62.36,-62.28,28.8,12.3
291230,-29.83,-33.18,-61.87,3.3
291650,-40.99,-17.32,-15.25,1.6
291810,-62.74,-69.45,-68.81,12.7
293490,-38.06,-49.0,-55.75,42.2
293580,-46.67,-16.19,-2.0,25.2
293780,-39.29,-43.11,-48.58,6.4
294090,0.0,0.0,0.0,0.0
294140,-45.91,-76.22,-53.18,1.3
294570,-42.64,-47.25,-54.96,6.0
294630,-43.18,-14.99,-8.58,14.4
295310,-54.27,-56.66,32.6,258.5
296640,-41.54,-11.48,-35.48,1.1
297090,-54.72,-34.92,-43.86,13.3
297570,-51.37,-4.73,8.57,3.8
297890,-29.46,-24.92,-28.69,16.9
298060,-42.93,-32.7,-57.71,0.8
298380,-53.94,-63.43,-13.6,437.4
298540,-19.45,-17.3,-46.33,1.7
298830,-50.2,-59.82,-26.28,47.1
299030,-63.33,-60.2,-48.01,8.1
299170,-49.17,-62.94,-22.58,8.4
299660,-67.83,-59.92,-72.99,21.4
299900,-46.19,-64.86,-75.53,1.8
300080,-34.67,-54.73,-17.02,9.9
300120,-52.11,-66.08,-78.34,3.2
301300,-41.43,-51.82,-69.29,1.6
302430,-35.68,-29.27,-31.07,8.3
302550,-10.13,0.0,-18.27,2.2
303030,-52.57,-45.08,-62.61,3.5
303360,1.42,-9.27,19.66,1.3
303530,-50.25,-52.67,-61.79,1.6
303810,-32.91,-32.54,-51.12,2.4
304100,-54.07,-59.6,-71.69,16.3
304360,-50.58,-49.1,-17.92,19.3
304840,-48.72,-34.42,-68.62,4.5
305090,-71.04,-79.29,-83.08,5.2
306040,-77.8,-85.44,-62.61,6.4
306620,-49.62,-32.53,-20.1,42.1
307180,-22.37,19.27,81.39,85.2
307280,-23.96,-16.18,2.04,2.2
307750,-48.58,-35.8,-51.12,6.0
307870,-30.25,-31.12,-53.62,7.5
307930,-40.37,-5.21,-11.55,18.0
308080,-53.48,-39.98,41.38,59.0
308100,-55.58,-67.49,-89.37,6.5
308430,-66.1,-46.04,-54.47,14.8
309710,0.0,-34.88,,0.0
309930,-63.17,-44.54,-80.07,2.9
309960,-30.45,-26.77,-13.19,4.1
310200,-6.84,-12.52,-51.55,5.4
310210,-58.47,-36.0,-7.28,205.1
310870,-19.37,9.13,-4.6,9.5
311320,-18.9,-4.45,8.76,17.8
311390,-51.01,-54.55,-57.01,1.4
311690,-54.03,-57.25,-63.56,1.2
312610,-71.69,-72.88,-76.57,1.0
313760,0.0,-69.15,-90.43,0.0
314130,-38.85,-62.59,31.34,30.2
314140,-13.81,-15.68,-11.56,1.0
314930,-31.72,-31.72,-44.31,5.3
315640,-63.1,-60.18,-73.27,5.5
317120,-52.47,-43.97,-19.58,4.4
317240,-36.57,-58.12,-8.84,10.1
317330,-58.19,-46.5,-42.09,38.6
317530,-31.53,-45.93,-40.95,0.6
317690,-45.33,-52.52,-52.42,2.9
317770,-41.03,-17.83,-41.34,16.4
317830,-56.48,-67.57,-30.86,10.7
317850,-38.78,-29.98,-22.45,10.0
317870,-57.53,-61.95,-72.41,1.3
318000,-37.3,-36.07,-41.5,0.8
318010,1.1,7.89,-8.44,0.5
318020,-44.23,-40.61,-57.23,0.7
318060,-59.59,-51.77,,32.5
318160,-24.97,-30.12,-10.63,3.2
318410,-24.32,-21.14,-38.61,0.9
319400,-36.98,-42.71,312.0,888.0
319660,54.73,262.01,633.06,892.4
320000,65.6,32.21,6.44,208.4
321260,-38.3,-8.46,-20.15,88.6
321370,-54.71,-54.4,0.65,104.3
321550,-61.89,-25.74,-17.97,23.7
321820,-56.59,-40.28,-65.08,4.0
322180,-55.41,-57.67,-24.66,15.8
322310,-53.16,-35.98,-15.93,80.5
322510,-21.19,-25.21,-12.87,11.0
322780,-13.45,-52.64,-65.7,4.5
323280,-58.5,-35.01,-0.16,167.5
323350,-36.65,-12.83,11.97,28.4
323990,-48.65,-56.62,-59.51,9.4
327260,-50.69,59.15,698.65,162.1
328130,-48.92,-49.41,-58.1,69.3
328380,-37.06,-32.4,-50.8,3.9
330350,-31.3,-24.23,-15.44,49.3
330730,-31.66,-16.23,-2.71,6.1
330860,-27.31,75.54,108.76,174.9
331380,-13.21,-20.08,-24.31,2.1
331520,-18.7,-23.24,-29.24,1.4
331740,-61.4,-62.36,-69.85,7.5
331920,-41.44,216.55,180.54,13.2
332290,-39.14,-27.76,-34.79,2.8
332370,-1.5,3.35,11.61,0.8
332570,-22.56,-8.18,138.45,397.9
333050,-24.67,-19.16,-27.13,0.9
333430,-35.07,-33.28,-2.61,6.7
333620,-19.04,-17.43,-28.48,2.0
334970,-27.09,-39.69,-54.27,2.7
335810,-41.56,-49.44,-56.24,0.4
335870,-50.97,-58.17,-48.43,0.7
336060,-40.04,-41.18,-49.01,1.7
336570,-34.28,-41.92,-62.3,98.8
336680,-37.55,-43.93,-38.09,1.0
337930,-31.97,-41.63,-51.77,5.2
338220,-60.58,-63.65,-58.96,9.1
338840,-61.84,-60.38,-20.32,16.9
339950,2.11,46.16,45.79,3.0
340360,-49.14,-43.42,-45.76,6.0
340440,-58.51,-33.08,-42.77,15.1
340450,-37.82,-30.7,-41.0,9.3
340570,-11.2,15.37,-5.38,30.8
340810,-18.14,-22.15,-37.88,6.0
340930,0.0,-47.63,-33.77,0.0
342870,-41.49,-44.65,,0.5
344860,-18.52,-23.34,-31.96,1.8
347000,-25.29,-20.83,-27.65,3.9
347700,-59.88,-20.7,66.08,497.9
347740,-32.32,-26.81,-41.27,1.4
347770,-45.04,-6.62,-34.51,2.9
347850,-27.14,-30.54,61.03,1234.9
347860,-46.59,-29.05,-47.96,8.5
347890,-26.68,-36.94,-23.33,4.9
348030,22.7,7.73,-24.28,2.3
348080,-74.39,-79.06,-77.61,1.5
348150,-39.59,-45.24,-41.13,2.6
348210,-56.63,-54.73,-27.52,60.3
348340,-59.76,-76.89,22.82,191.8
348350,-13.3,4.62,-0.21,7.2
348370,-64.13,-71.99,-71.24,58.7
351320,-34.0,-21.71,-54.03,2.3
351330,-52.6,-61.56,-45.26,2.9
351870,-58.08,-63.5,-75.8,0.9
352090,-8.79,2.92,-8.79,1.7
352480,-38.85,-44.04,-55.12,6.5
352700,-34.33,-35.98,-49.2,0.6
352770,0.0,0.0,0.0,0.0
352910,-31.24,-38.3,-14.97,1.7
352940,-13.15,-4.05,-18.42,0.4
353190,-9.38,-11.72,-18.77,0.8
353590,-52.37,-61.12,-57.06,0.5
353810,-23.0,-3.14,9.41,8.4
354200,-37.55,-38.14,-46.36,6.9
354320,-72.55,-48.65,2.92,98.1
355150,-54.52,30.61,49.01,73.4
355390,-50.65,-56.18,-80.11,8.0
355690,-19.62,18.08,-14.36,13.0
356680,-19.8,37.72,33.81,417.5
356860,-26.79,6.91,127.02,196.3
356890,-44.42,-43.92,-32.16,5.6
357230,-17.22,-14.37,-14.55,7.5
357550,-40.34,-41.14,-38.35,3.5
357580,-74.91,-53.87,-27.73,22.9
357780,-42.43,-18.18,34.33,306.1
357880,-37.66,19.27,-6.29,110.4
358570,-52.93,-48.0,-63.57,79.6
359090,-50.46,-55.17,-62.18,0.7
360070,-60.52,-60.61,-66.14,4.0
360350,-57.52,11.07,-22.04,4.7
361390,-58.75,-52.74,-26.81,19.9
361570,-30.04,-24.39,-34.31,0.8
361670,6.92,-3.68,-20.0,0.5
362320,-14.5,-17.91,-48.87,5.9
362990,-27.98,-31.78,-42.35,0.7
363250,-36.36,-23.9,-37.86,1.1
363260,-46.16,-48.51,-53.75,1.3
364950,-43.0,-50.43,-51.04,2.0
365270,-45.87,-6.46,82.89,35.8
365330,-62.2,-58.15,-62.27,24.3
365340,-62.7,-47.81,-21.99,33.9
365590,-54.98,-61.46,-64.88,1.4
365660,,,,1366.3
365900,-13.25,-6.3,-19.12,0.7
366030,-29.45,-24.83,0.35,7.4
367000,-32.54,-26.68,-37.46,0.3
368600,-32.34,-35.68,-66.94,2.2
368770,-47.93,-25.0,107.92,68.8
368970,-8.65,-12.5,-38.9,1.2
369370,-36.33,-46.5,-47.0,1.3
370090,-56.35,-62.27,-56.41,7.2
371950,-52.48,-54.62,-54.69,4.7
372170,-57.66,-52.87,-52.65,4.0
372320,-63.15,-48.8,-36.27,42.3
372800,-34.16,-47.38,-55.37,1.9
373110,-30.38,-26.2,-60.04,6.6
373160,-32.41,-24.28,-43.8,0.8
373170,-49.61,-36.63,-38.71,0.8
373200,-55.74,-52.33,-56.48,6.3
376180,-53.04,-40.3,-60.65,1.8
376270,-32.14,-41.32,112.01,11.5
376290,-8.14,-10.67,-22.42,0.6
376300,-37.73,-41.63,-58.66,19.7
376900,-50.45,-33.48,178.58,135.9
376930,-62.49,-66.61,-65.01,4.8
376980,-28.98,-22.35,-40.58,1.7
377030,-43.16,-82.07,-91.97,3.1
377220,-60.84,-61.97,-73.6,3.3
377330,-35.25,-25.6,-41.61,0.6
377450,-0.5,-5.2,-34.07,3.9
377460,0.0,0.0,141.28,0.0
377480,-46.85,-55.9,-55.73,49.8
378340,-52.18,-34.18,-22.56,15.8
378800,-71.19,-72.04,-79.18,12.0
380540,0.0,18.35,115.78,0.0
380550,-62.82,-63.59,-61.08,37.3
381620,-39.51,-59.79,-22.42,94.1
382150,-63.12,-64.8,-67.06,3.7
382480,-37.79,-26.22,-15.7,11.2
382800,-51.3,31.26,14.62,62.5
382840,-57.72,-45.58,-52.82,36.7
382900,-49.89,-47.63,-8.6,39.2
383310,-21.85,3.67,-2.5,83.2
383930,-51.51,-28.09,-53.95,5.7
384470,-18.75,-30.85,-43.97,3.4
387570,-41.22,-43.52,-44.27,0.8
387690,,,,1106.5
388050,-52.37,-20.41,-27.48,76.0
388210,-46.03,-19.94,,95.1
388610,-41.2,-53.26,-68.97,1.1
388720,-38.45,-42.54,-17.08,60.6
388790,-31.11,45.31,54.36,124.6
388870,-46.06,-49.34,-16.67,7.4
389020,-65.7,-49.84,-54.59,33.7
389030,-63.0,-46.09,9.59,11.7
389140,-48.44,-44.22,-66.6,19.0
389260,-31.39,-9.38,-39.85,58.3
389470,-52.8,-61.25,-11.83,36.4
389500,-51.93,-55.06,54.34,152.4
389650,-44.88,-55.95,-39.88,26.8
389680,-42.0,-56.14,-48.56,8.9
391710,-47.68,-57.85,-26.53,3.6
393210,-54.66,-59.26,-68.71,2.3
393890,-59.85,-2.86,-1.45,73.9
393970,0.0,-31.27,-69.02,0.0
394280,-51.6,-27.08,-20.84,26.3
394420,-61.47,,,73.5
394800,-59.94,-62.5,-18.18,15.7
