종목코드,업종명
F70100030,
F70100031,
F70100032,
F70100033,
F70100034,
F70100035,
F70100036,
F70100037,
F70100038,
F70100039,
F70100040,
F70100041,
F70100042,
F70100043,
F70100044,
F70100045,
F70101B95,
F70101B96,
F70101B9A,
F70102B96,
F70103B96,
F70900001,
F70900002,
F71201B98,
F71202B98,
F71203B98,
F71204B98,
F71205B98,
F71206B98,
F71207B98,
F71208B98,
F73400008,
F73400009,
F73400010,
F73400011,
F73400012,
F74201773,
F74201BAA,
F74202BAA,
F74401777,
F74401BAA,
F74601669,
F74701776,
F74701B97,
F74701B9A,
F74702776,
F75601BA2,
F75602BA2,
F75701BA7,
F75702BA7,
F76201BC5,
F77200017,
F77200018,
F77200019,
F77200020,
F77200021,
F77200022,
F77200023,
F77200024,
F77200025,
F77200026,
F77200027,
F77200028,
F77200029,
F77200030,
F77200031,
F77200032,
F77200033,
F77200034,
F77200035,
F77200036,
F77200037,
F77200038,
F77200039,
F77200040,
000020,09제약
000040,15운송장비·부품
000050,16유통
000070,21금융
000080,05음식료·담배
000087,05음식료·담배
0000D0,
0000H0,
0000J0,
0000Y0,
0000Z0,
000100,09제약
000105,09제약
000120,19운송·창고
000140,21금융
000145,21금융
000150,13전기·전자
000155,13전기·전자
000157,13전기·전자
000180,26일반서비스
0001P0,
000210,08화학
000215,08화학
000220,09제약
000225,09제약
000227,09제약
000230,09제약
000240,21금융
000270,15운송장비·부품
0002C0,
000300,15운송장비·부품
000320,21금융
000325,21금융
000370,25보험
000390,08화학
000400,25보험
000430,15운송장비·부품
000480,10비금속
000490,12기계·장비
0004G0,
000500,13전기·전자
000520,09제약
000540,25보험
000545,25보험
000590,21금융
0005A0,
0005C0,
0005D0,
0005G0,
000640,21금융
000650,19운송·창고
000660,13전기·전자
000670,11금속
000680,16유통
000700,26일반서비스
000720,18건설
000725,18건설
000760,16유통
0007F0,
0007G0,
0007N0,
000810,25보험
000815,25보험
000850,12기계·장비
000860,08화학
000880,08화학
00088K,08화학
000890,05음식료·담배
0008E0,
0008S0,
0008T0,
000910,10비금속
000950,06섬유·의류
000970,11금속
000990,13전기·전자
001020,07종이·목재
001040,21금융
001045,21금융
00104K,21금융
001060,09제약
001065,09제약
001067,09제약
001070,06섬유·의류
001080,11금속
001120,16유통
001130,05음식료·담배
001200,24증권
001210,13전기·전자
001230,21금융
001250,16유통
001260,18건설
001270,24증권
001275,24증권
001290,24증권
001340,08화학
001360,09제약
001380,15운송장비·부품
001390,08화학
0013P0,
0013R0,
001420,15운송장비·부품
001430,11금속
001440,13전기·전자
001450,25보험
001460,06섬유·의류
001465,06섬유·의류
001470,18건설
001500,24증권
001510,24증권
001515,24증권
001520,10비금속
001525,10비금속
001527,10비금속
001530,16유통
001550,08화학
001560,10비금속
001570,08화학
0015B0,
0015E0,
0015F0,
0015K0,
001620,15운송장비·부품
001630,09제약
001680,05음식료·담배
001685,05음식료·담배
0016X0,
001720,24증권
001740,16유통
001750,24증권
001755,24증권
001770,11금속
001780,11금속
001790,05음식료·담배
001795,05음식료·담배
0017Y0,
001800,21금융
001820,13전기·전자
0018C0,
0018Z0,
001940,11금속
0019K0,
002020,21금융
002025,21금융
002030,26일반서비스
002070,06섬유·의류
0020H0,
002100,08화학
002140,05음식료·담배
002150,26일반서비스
002170,06섬유·의류
002200,07종이·목재
002210,09제약
002220,11금속
002240,11금속
0022T0,
002310,07종이·목재
002320,19운송·창고
002350,08화학
002355,08화학
002360,08화학
002380,08화학
002390,09제약
0023A0,
0023B0,
002410,18건설
002420,16유통
002450,27제조
002460,18건설
0025N0,
002600,05음식료·담배
002620,26일반서비스
002630,09제약
002690,11금속
0026E0,
0026S0,
002700,16유통
002710,11금속
002720,09제약
002760,08화학
002780,18건설
002785,18건설
002787,18건설
002790,08화학
002795,08화학
00279K,08화학
002810,16유통
002820,08화학
002840,08화학
002870,16유통
002880,15운송장비·부품
0028X0,
002900,12기계·장비
002920,15운송장비·부품
002960,08화학
002990,18건설
002995,18건설
003000,09제약
003010,16유통
003030,21금융
003060,09제약
003070,18건설
003075,18건설
003080,08화학
003090,09제약
0030R0,21금융
003120,09제약
003160,14의료·정밀기기
003200,06섬유·의류
003220,09제약
003230,05음식료·담배
003240,08화학
003280,19운송·창고
003300,10비금속
003350,08화학
003460,24증권
003465,24증권
003470,24증권
003475,24증권
003480,17전기·가스
003490,19운송·창고
003495,19운송·창고
003520,09제약
003530,24증권
003535,24증권
003540,24증권
003545,24증권
003547,24증권
003550,21금융
003555,21금융
003570,15운송장비·부품
003580,16유통
0035T0,
003610,06섬유·의류
003620,15운송장비·부품
003650,08화학
003670,13전기·전자
003680,05음식료·담배
003690,25보험
0036D0,
0036R0,
0036Z0,
003720,08화학
003780,08화학
003830,08화학
003850,09제약
0038A0,
003920,05음식료·담배
003925,05음식료·담배
003960,05음식료·담배
004000,08화학
004020,11금속
004060,16유통
004080,16유통
004090,10비금속
0040S0,
0040X0,
0040Y0,
004100,15운송장비·부품
004105,15운송장비·부품
004140,19운송·창고
004150,21금융
004170,16유통
0041D0,
0041E0,
004250,08화학
004255,08화학
004270,16유통
004310,09제약
004360,19운송·창고
004365,19운송·창고
004370,05음식료·담배
004380,12기계·장비
0043B0,
0043Y0,
004410,05음식료·담배
004415,05음식료·담배
004430,08화학
004440,10비금속
004450,11금속
004490,13전기·전자
004540,07종이·목재
004545,07종이·목재
004560,11금속
004690,17전기·가스
0046A0,
0046Y0,
004700,06섬유·의류
004710,13전기·전자
004720,09제약
004770,13전기·전자
0047A0,
0047N0,
0047P0,
0047R0,
004800,21금융
004830,08화학
004835,08화학
004840,08화학
004870,10비금속
004890,11금속
0048J0,
0048K0,
004910,08화학
004920,13전기·전자
004960,18건설
004970,
004980,10비금속
004985,10비금속
004990,21금융
00499K,21금융
0049K0,
0049M0,
005010,11금속
005030,15운송장비·부품
005070,08화학
005090,17전기·가스
0050E0,
005110,16유통
005180,05음식료·담배
0051A0,
0051G0,
005250,26일반서비스
005257,26일반서비스
0052D0,
0052S0,
0052T0,
005300,05음식료·담배
005305,05음식료·담배
005320,16유통
005360,16유통
005380,15운송장비·부품
005385,15운송장비·부품
005387,15운송장비·부품
005389,15운송장비·부품
0053L0,
0053M0,
005420,08화학
005430,19운송·창고
005440,21금융
005490,11금속
005500,09제약
005610,05음식료·담배
005680,13전기·전자
005690,13전기·전자
005720,08화학
005725,08화학
005740,21금융
005745,21금융
005750,10비금속
0057H0,
005800,06섬유·의류
005810,21금융
005820,06섬유·의류
005830,25보험
005850,15운송장비·부품
005870,13전기·전자
005880,19운송·창고
005930,13전기·전자
005935,13전기·전자
005940,24증권
005945,24증권
005950,08화학
005960,18건설
005965,18건설
006040,21금융
006060,16유통
006090,05음식료·담배
0060H0,
006110,11금속
006120,21금융
006125,21금융
0061Z0,
006200,21금융
006220,21금융
006260,21금융
006280,09제약
006340,13전기·전자
006345,13전기·전자
006360,18건설
006370,16유통
006380,08화학
006400,13전기·전자
006405,13전기·전자
006490,20통신
0064K0,
006570,11금속
0065G0,
006650,08화학
006660,15운송장비·부품
0066W0,
006740,07종이·목재
0067V0,
0067Y0,
006800,24증권
006805,24증권
00680K,24증권
006840,21금융
006880,16유통
006890,08화학
0068M0,
006980,05음식료·담배
0069M0,
007070,16유통
007110,16유통
007120,29IT 서비스
007160,05음식료·담배
007210,10비금속
007280,11금속
0072R0,
007310,05음식료·담배
007340,13전기·전자
0073X0,
007460,09제약
0074K0,
007540,21금융
007570,09제약
007575,09제약
007590,08화학
007610,13전기·전자
007660,13전기·전자
007690,08화학
007700,21금융
007810,13전기·전자
007815,13전기·전자
00781K,13전기·전자
007860,21금융
0078V0,
007980,06섬유·의류
0079X0,
008040,05음식료·담배
008060,21금융
00806K,21금융
0080G0,
0080X0,
0080Y0,
008250,07종이·목재
008260,11금속
0082F0,
0082V0,
008350,11금속
008355,11금속
0083S0,
008420,11금속
008490,08화학
0084D0,
0084E0,
0085N0,
0085P0,
008600,16유통
0086B0,
0086C0,
008700,13전기·전자
008730,08화학
008770,16유통
008775,16유통
0087F0,
008870,10비금속
0088N0,
008930,21금융
008970,11금속
0089B0,
0089C0,
0089D0,
009070,19운송·창고
0090B0,
009140,13전기·전자
009150,13전기·전자
009155,13전기·전자
009160,11금속
009180,19운송·창고
009190,11금속
0091C0,
0091M0,
0091P0,
009200,07종이·목재
009240,16유통
009270,06섬유·의류
009290,09제약
0092B0,
0092C0,
009310,12기계·장비
009320,15운송장비·부품
0093A0,
0093B0,
0093D0,
009410,18건설
009415,18건설
009420,09제약
009440,21금융
009450,13전기·전자
009460,07종이·목재
009470,13전기·전자
0094K0,
0094L0,
0094M0,
0094X0,
009540,21금융
009580,07종이·목재
009680,15운송장비·부품
009770,07종이·목재
0097L0,
009810,16유통
009830,08화학
009835,08화학
0098F0,
0098N0,
0098Z0,
009900,15운송장비·부품
009970,21금융
0099L0,
010040,10비금속
010060,21금융
0100K0,
010100,15운송장비·부품
010120,13전기·전자
010130,11금속
010140,15운송장비·부품
0101N0,
0102A0,
0102X0,
0103T0,
010400,18건설
0104G0,
0104H0,
0104N0,
0104P0,
010580,15운송장비·부품
0105D0,
0105E0,
010640,08화학
010660,12기계·장비
010690,15운송장비·부품
0106J0,
010770,15운송장비·부품
010780,10비금속
0107F0,
010820,11금속
010950,08화학
010955,08화학
010960,18건설
011000,09제약
011070,13전기·전자
011090,27제조
011150,05음식료·담배
011155,05음식료·담배
011170,08화학
0111J0,
0111P0,
011200,19운송·창고
011210,15운송장비·부품
011230,13전기·전자
011280,07종이·목재
0112X0,
011300,06섬유·의류
011330,15운송장비·부품
011390,10비금속
0113D0,
0113G0,
0113P0,
011420,30오락·문화
0114X0,
011500,08화학
0115C0,
0115D0,
0115E0,
011690,13전기·전자
011700,12기계·장비
011760,16유통
011780,08화학
011785,08화학
011790,08화학
0117L0,
0117V0,
011810,16유통
0118S0,
0118Z0,
011930,13전기·전자
0119H0,
012030,29IT 서비스
0120G0,09제약
0120J0,
0120X0,
012160,11금속
012170,30오락·문화
012200,12기계·장비
012205,12기계·장비
012280,15운송장비·부품
0122W0,
012320,21금융
012330,15운송장비·부품
0123G0,
0123S0,
012450,15운송장비·부품
012510,29IT 서비스
012610,08화학
012630,21금융
012690,07종이·목재
0126Z0,21금융
012750,26일반서비스
0127M0,
0127P0,
0127R0,
0127T0,
0127V0,
012800,11금속
0128D0,
013000,16유통
0131A0,
0131V0,
0131W0,
0132D0,
0132H0,
0132K0,
013360,18건설
0133E0,
013520,15운송장비·부품
013570,21금융
013580,18건설
0135Y0,
013700,18건설
0137V0,
0137W0,
013870,15운송장비·부품
013890,27제조
0138D0,
0138T0,
0138Y0,
0139F0,
0139P0,
014130,19운송·창고
014160,07종이·목재
0141S0,
0141T0,
014280,11금속
014285,11금속
0142D0,
014440,08화학
0144L0,
0144M0,
014530,08화학
014580,10비금속
014680,08화학
014710,05음식료·담배
014790,18건설
014820,08화학
014825,08화학
014830,08화학
0148J0,
014910,13전기·전자
014915,13전기·전자
014990,06섬유·의류
015020,28부동산
0150K0,
0151P0,
0151S0,
015230,15운송장비·부품
015260,13전기·전자
0152E0,
015360,26일반서비스
0153K0,
0153P0,
0153X0,
0154F0,
0154H0,
015590,12기계·장비
0155M0,
0155N0,
015760,17전기·가스
015860,21금융
015890,08화학
016090,06섬유·의류
0162L0,
0162M0,
0162Y0,
0162Z0,
016360,24증권
016380,11금속
0163Y0,
016450,06섬유·의류
0164G0,
016580,09제약
016590,07종이·목재
016610,24증권
0166N0,
0166S0,
0166T0,
016710,26일반서비스
016740,15운송장비·부품
0167A0,
0167B0,
0167Z0,
016800,27제조
016880,21금융
0168K0,
017040,13전기·전자
017180,09제약
0172V0,
0172Y0,
017370,12기계·장비
017390,17전기·가스
0173Y0,
0174B0,
0174J0,
0174R0,
017550,12기계·장비
017670,20통신
0176E0,
0176P0,
0177A0,
0177N0,
0177R0,
0177X0,
017800,12기계·장비
017810,05음식료·담배
017860,08화학
0178H0,
017900,13전기·전자
017940,16유통
017960,11금속
0180V0,
0181B0,
0181L0,
018250,08화학
018260,29IT 서비스
0182R0,
0182S0,
0183J0,
0183V0,
018470,11금속
0184E0,
0184L0,
0184N0,
0184V0,
018500,15운송장비·부품
0185L0,
018670,16유통
0186L0,
0186S0,
018880,12기계·장비
0189B0,
0189Z0,
0190C0,
0190G0,
0190M0,
0190Y0,
019170,09제약
019175,09제약
019180,13전기·전자
0191B0,
0191M0,
0191S0,
0191W0,
0192L0,
0192M0,
0192S0,
0192T0,
0192Z0,
0193G0,
0193K0,
0193L0,
0193M0,
0193T0,
0193W0,
019490,13전기·전자
0194M0,
0194N0,
0194R0,
0194T0,
0195R0,
0195S0,
019680,26일반서비스
019685,26일반서비스
0197W0,
0197X0,
0198A0,
0198B0,
0198D0,
0199C0,
020000,06섬유·의류
020120,29IT 서비스
020150,13전기·전자
0203D0,
0203R0,
0203S0,
0204D0,
0204S0,
020560,19운송·창고
0206G0,
020760,13전기·전자
0207G0,
0207Z0,
0208N0,
0209D0,
0209Z0,
021050,11금속
0210A0,
0210E0,
021240,26일반서비스
0215T0,
0216K0,
0216Z0,
021820,15운송장비·부품
0218J0,
0218K0,
0219B0,
0219E0,
0220A0,
0220B0,
022100,26일반서비스
0221V0,
0221Z0,
0223R0,
023000,15운송장비·부품
023150,05음식료·담배
023350,26일반서비스
023450,08화학
023530,16유통
023590,29IT 서비스
023800,15운송장비·부품
023810,15운송장비·부품
023960,18건설
024070,08화학
024090,11금속
024110,21금융
024720,21금융
024890,08화학
024900,15운송장비·부품
025000,08화학
025530,16유통
025540,13전기·전자
025560,14의료·정밀기기
025620,08화학
025750,07종이·목재
025820,11금속
025860,08화학
025890,12기계·장비
026890,21금융
026940,11금속
026960,16유통
027410,21금융
027740,05음식료·담배
027970,07종이·목재
028050,26일반서비스
028100,18건설
028260,16유통
02826K,16유통
028670,19운송·창고
029460,14의료·정밀기기
029530,13전기·전자
029780,21금융
030000,26일반서비스
030190,29IT 서비스
030200,20통신
030210,24증권
030610,24증권
030720,
031210,25보험
031430,16유통
031440,26일반서비스
031820,29IT 서비스
032350,26일반서비스
032560,11금속
032640,20통신
032830,25보험
033240,13전기·전자
033250,15운송장비·부품
033270,09제약
033530,15운송장비·부품
033780,05음식료·담배
033920,05음식료·담배
034020,12기계·장비
034120,30오락·문화
034220,13전기·전자
034230,30오락·문화
034310,26일반서비스
034590,17전기·가스
034730,21금융
03473K,21금융
034830,21금융
035000,26일반서비스
035150,08화학
035250,30오락·문화
035420,29IT 서비스
035510,29IT 서비스
035720,29IT 서비스
036420,30오락·문화
036460,17전기·가스
036530,21금융
036570,29IT 서비스
036580,05음식료·담배
037270,29IT 서비스
037560,30오락·문화
037710,16유통
039130,26일반서비스
039490,24증권
039570,18건설
041650,15운송장비·부품
042660,15운송장비·부품
042700,12기계·장비
044380,13전기·전자
044450,19운송·창고
044820,21금융
047040,18건설
047050,16유통
047400,10비금속
047810,15운송장비·부품
049800,12기계·장비
051600,18건설
051630,08화학
051900,08화학
051905,08화학
051910,08화학
051915,08화학
052690,26일반서비스
053210,30오락·문화
053690,26일반서비스
055490,08화학
055550,21금융
057050,16유통
058430,11금속
058650,11금속
058730,11금속
058850,29IT 서비스
058860,29IT 서비스
060980,21금융
062040,13전기·전자
063160,09제약
064350,15운송장비·부품
064400,29IT 서비스
064960,15운송장비·부품
066570,13전기·전자
066575,13전기·전자
066970,13전기·전자
067830,16유통
068270,09제약
068290,30오락·문화
069260,08화학
069460,11금속
069500,
069620,09제약
069640,16유통
069660,
069730,11금속
069960,16유통
070960,26일반서비스
071050,21금융
071055,21금융
071090,11금속
071320,17전기·가스
071840,16유통
071950,27제조
071970,12기계·장비
072130,29IT 서비스
072710,21금융
073240,08화학
074610,12기계·장비
075180,15운송장비·부품
075580,15운송장비·부품
077500,16유통
077970,12기계·장비
078000,29IT 서비스
078520,08화학
078930,21금융
078935,21금융
079160,30오락·문화
079430,27제조
079550,11금속
079900,12기계·장비
079980,08화학
081000,08화학
081660,16유통
082640,25보험
082740,12기계·장비
083420,08화학
084010,11금속
084670,19운송·창고
084680,27제조
084690,21금융
084695,21금융
084870,06섬유·의류
085310,11금속
085620,25보험
086280,19운송·창고
086790,21금융
088260,28부동산
088350,25보험
088790,16유통
088980,21금융
089470,08화학
089590,19운송·창고
089860,26일반서비스
090080,15운송장비·부품
090350,08화학
090355,08화학
090370,06섬유·의류
090430,08화학
090435,08화학
090460,13전기·전자
091160,
091170,
091180,
091220,
091230,
091810,19운송·창고
092200,15운송장비·부품
092220,13전기·전자
092230,08화학
092440,12기계·장비
092780,15운송장비·부품
092790,11금속
093050,06섬유·의류
093240,06섬유·의류
093370,08화학
094280,26일반서비스
094800,
095570,26일반서비스
095720,26일반서비스
096760,21금융
096770,08화학
096775,08화학
097230,18건설
097520,13전기·전자
097950,05음식료·담배
097955,05음식료·담배
099140,
100090,11금속
100220,30오락·문화
100250,08화학
100840,12기계·장비
100910,
101140,16유통
101280,
101530,05음식료·담배
102110,
102260,08화학
102460,09제약
102780,
102960,
102970,
103140,11금속
103590,13전기·전자
104520,
104530,
104700,11금속
105010,
105190,
105560,21금융
105630,06섬유·의류
105780,
105840,14의료·정밀기기
107590,21금융
108320,13전기·전자
108450,
108590,
108670,08화학
108675,08화학
109070,13전기·전자
111110,06섬유·의류
111380,06섬유·의류
111770,16유통
112610,11금속
114090,30오락·문화
114100,
114260,
114460,
114470,
114800,
114820,
117460,
117580,17전기·가스
117680,
117690,
117700,
118000,16유통
119650,12기계·장비
120030,11금속
120110,08화학
120115,08화학
122090,
122260,
122630,
122900,16유통
123310,
123320,
123690,16유통
123700,15운송장비·부품
123890,21금융
126560,20통신
126720,18건설
128820,16유통
128940,09제약
129260,19운송·창고
130660,26일반서비스
130680,
130730,
131890,
132030,
133690,
133820,11금속
134380,08화학
134790,27제조
136340,
136490,05음식료·담배
137310,14의료·정밀기기
137610,
138040,21금융
138230,
138520,
138530,
138540,
138910,
138920,
138930,21금융
139130,21금융
139220,
139230,
139240,
139250,
139260,
139270,
139280,
139290,
139320,
139480,16유통
139660,
139990,11금속
140570,
140580,
140700,
140710,
140950,
143210,15운송장비·부품
143850,
143860,
144600,
145210,12기계·장비
145270,28부동산
145670,
145720,14의료·정밀기기
145850,
145990,05음식료·담배
145995,05음식료·담배
147970,
148020,
148070,
150460,
152100,
152380,
152500,
152870,
153130,
153270,
155660,11금속
156080,
157450,
157490,
157500,
159800,
160580,
161000,08화학
161390,08화학
161510,
161890,08화학
163560,08화학
166400,
167860,
168580,
169950,
170900,09제약
174350,
174360,
175330,21금융
176950,
178920,08화학
180640,21금융
18064K,21금융
181480,
181710,29IT 서비스
182480,
182490,
183190,10비금속
183700,
183710,
185680,
185750,09제약
189400,
190620,
192080,29IT 서비스
192090,
192400,21금융
192650,13전기·전자
192720,
192820,08화학
194370,06섬유·의류
195870,13전기·전자
195920,
195930,
195970,
195980,
196030,
196230,
200030,
200250,
200880,15운송장비·부품
203780,
204320,15운송장비·부품
204450,
204480,
205720,
207940,09제약
210540,12기계·장비
210780,
210980,28부동산
211560,
211900,
213500,07종이·목재
213610,
213630,
214320,26일반서비스
214330,15운송장비·부품
214390,09제약
214420,08화학
214980,
215620,
217590,13전기·전자
217770,
217780,
218420,
219390,
219480,
219900,
220130,
223190,
225030,
225040,
225050,
225060,
225130,
225800,
226320,08화학
226380,
226490,
226980,
227540,
227550,
227560,
227570,
227830,
227840,16유통
228790,
228800,
228810,
228820,
229200,
229640,21금융
229720,
230480,
232080,
233160,
233740,
234080,09제약
234310,
236350,
237350,
237370,
237440,
238670,
238720,
239660,
241180,
241390,
241560,12기계·장비
241590,06섬유·의류
243880,
243890,
244580,
244620,
244660,
244670,
244920,21금융
245340,
245350,
245360,
245710,
248070,13전기·전자
248170,05음식료·담배
248270,
249420,09제약
250730,
250780,
251270,29IT 서비스
251340,
251350,
251590,
251600,
252000,
252400,
252410,
252420,
252650,
252670,
252710,
253150,
253160,
253230,
253240,
253250,
253280,
253290,
256440,
256450,
256750,
259960,29IT 서비스
261060,
261070,
261110,
261120,
261140,
261220,
261240,
261250,
261260,
261270,
261920,
264900,05음식료·담배
26490K,05음식료·담배
265690,
266160,
266360,
266370,
266390,
266410,
266420,
266550,
267250,21금융
267260,13전기·전자
267270,12기계·장비
267290,17전기·가스
267440,
267450,
267490,
267770,
267850,29IT 서비스
268280,08화학
269370,
269420,
269530,
269540,
270800,
270810,
271050,
271060,
271560,05음식료·담배
271940,15운송장비·부품
271980,09제약
272210,13전기·전자
272450,19운송·창고
272550,08화학
272560,
272570,
272580,
272910,
273130,
273140,
275280,
275290,
275300,
275750,
275980,
276000,
276650,
276970,
276990,
277540,
277630,
277640,
277650,
278240,
278470,08화학
278530,
278540,
278620,
279530,
279540,
279570,21금융
280320,
280360,05음식료·담배
280920,
280930,
280940,
281820,14의료·정밀기기
281990,
282000,
282330,16유통
283580,
284430,
284740,26일반서비스
284980,
285130,08화학
28513K,08화학
285690,
286940,29IT 서비스
287180,
289040,
289250,
289260,
289480,
289670,
290080,
290130,
291130,
291620,
291630,
291680,
291890,
292050,
292150,
292160,
292190,
292500,
292560,
292770,
293180,
293480,09제약
293940,28부동산
294400,
294870,18건설
295000,
295020,
295040,
298000,08화학
298020,08화학
298040,13전기·전자
298050,08화학
298340,
298690,19운송·창고
298770,
300610,
300640,
300720,10비금속
300950,
301400,
302190,
302440,09제약
302450,
304660,
304670,
304760,
304770,
304780,
304940,
305050,
305080,
305540,
305720,
306200,11금속
306520,
306530,
306950,
307510,
307520,
307950,29IT 서비스
308170,15운송장비·부품
308620,
309230,
310080,
310960,
310970,
314250,
314700,
315270,
315930,
315960,
316140,21금융
316300,
316670,
317400,28부동산
317450,09제약
319640,
321410,
322000,13전기·전자
322400,
322410,
323410,21금융
325010,
325020,
326030,26일반서비스
326230,
326240,
328370,
329180,15운송장비·부품
329200,
329650,
329660,
329670,
329750,
330590,28부동산
332500,
332610,
332620,
332930,
332940,
334690,
334700,
334890,28부동산
336160,
336260,13전기·전자
33626K,13전기·전자
33626L,13전기·전자
336370,13전기·전자
33637K,13전기·전자
33637L,13전기·전자
337120,
337140,
337150,
337160,
338100,28부동산
339770,16유통
341850,
344820,10비금속
348950,28부동산
350520,28부동산
352540,
352560,
352820,30오락·문화
353200,13전기·전자
35320K,13전기·전자
354240,
354350,
354500,
356540,
357120,28부동산
357250,28부동산
357430,28부동산
357870,
359210,
360140,
360150,
360200,
360750,
361580,
361610,13전기·전자
363280,21금융
36328K,21금융
363510,
363570,
363580,
364690,
364960,
364970,
364980,
364990,
365000,
365040,
365550,28부동산
365780,
367380,
367740,
367760,
367770,
368190,
368590,
368680,
371150,
371160,
371450,
371460,
371470,
371870,
372330,
372910,14의료·정밀기기
373220,13전기·전자
373490,
373790,
375270,
375500,18건설
37550K,18건설
37550L,18건설
375760,
375770,
376410,
377190,28부동산
377300,21금융
377740,09제약
377990,
378850,15운송장비·부품
379780,
379790,
379800,
379810,
380340,
381170,
381180,
381560,
381570,
381970,16유통
383220,06섬유·의류
383800,21금융
38380K,21금융
385510,
385520,
385540,
385550,
385560,
385590,
385600,
385710,
385720,
387270,
387280,
388280,
388420,
390390,
390400,
391600,
391670,
394660,
394670,
395150,
395160,
395170,
395270,
395280,
395290,
395400,28부동산
395750,
395760,
396500,
396510,
396520,
396690,28부동산
397420,
399110,
399580,
400570,
400580,
400590,
400760,28부동산
400970,
401170,
401470,
401590,
402340,21금융
402460,
402970,
403550,26일반서비스
403790,
404120,
404260,
404540,
404650,
404990,28부동산
407300,
407310,
407820,
407830,
409810,
409820,
410870,
411060,
411420,
411540,
411860,
412560,
412570,
412770,
413220,
413930,
414270,
414780,
415340,
415640,21금융
415760,
415920,
416090,
417310,28부동산
417450,
417630,
418660,
418670,
419420,
419430,
419650,
419890,
421320,
422420,
423160,
423170,
423920,
424460,
426020,
426030,
426150,
427120,
428510,
428560,
429000,
429010,
429740,
429760,
429980,
430500,
432320,28부동산
432600,
432840,
433220,
433250,
433330,
433500,
433880,
433970,
433980,
434060,
434730,
434960,
435040,
435420,
435530,
435540,
435550,
436140,
437070,
437080,
437350,
437370,
438080,
438100,
438320,
438330,
438560,
438570,
438740,
438900,
439260,15운송장비·부품
439860,
439870,
440340,
440640,
440650,
440910,
441540,
441640,
441680,
441800,
442090,
442260,
442320,
442550,
442560,
442570,
442580,
443060,26일반서비스
444200,
444490,
445150,
445290,
445690,
445910,
446070,07종이·목재
446690,
446700,
446720,
446770,
447430,
447620,
447660,
447770,
448100,
448290,
448300,
448330,
448490,
448540,
448570,
448630,
448730,28부동산
449170,
449180,
449190,
449450,
449580,
449680,
449690,
449770,
449780,
450080,13전기·전자
450180,
450190,
450910,
451000,
451060,
451150,
451530,
451540,
451600,
451670,
451800,28부동산
452250,
452260,16유통
45226K,16유통
452360,
453010,
453060,
453080,
453330,
453340,16유통
453630,
453640,
453650,
453660,
453810,
453820,
453850,
453870,
453950,
454180,
454320,
454780,
454910,12기계·장비
455030,
455660,
455850,
455860,
455890,
455960,
456040,08화학
456200,
456250,
456600,
456610,
456680,
456880,
457190,08화학
457480,
457690,
457700,
457930,
457990,
458030,
458210,
458250,
458260,
458730,
458750,
458760,
459560,
459580,
459750,
459790,
460270,
460660,
460850,11금속
460860,11금속
460960,
461340,
461450,
461460,
461490,
461500,
461580,
461600,
461900,
461910,
461950,
462010,
462330,
462340,
462520,10비금속
462870,29IT 서비스
462900,
463050,
463250,
463290,
463300,
463640,
463680,
463690,
464240,
464310,
464470,
464600,
464610,
464920,
464930,
465330,
465350,
465580,
465610,
465620,
465660,
465670,
465770,19운송·창고
465780,
466810,
466920,
466930,
466940,
466950,
468370,
468380,
468630,
469050,
469060,
469070,
469150,
469160,
469170,
469530,
469790,
469830,
470310,
471040,
471230,
471460,
471760,
471780,
471990,
472150,
472160,
472170,
472720,
472830,
472840,
472870,
472920,
473290,
473330,
473440,
473460,
473490,
473590,
473640,
474220,
474390,
474590,
474800,
474920,
475050,
475070,
475080,
475150,18건설
475260,
475270,
475280,
475300,
475310,
475350,
475380,
475560,16유통
475630,
475720,
476000,
476030,
476070,
476260,
476310,
476450,
476550,
476690,
476750,
476760,
476800,
476850,
477050,
477080,
477490,
477730,
478150,
479080,
479520,
479620,
479730,
479850,
480020,
480030,
480040,
480260,
480310,
480370,12기계·장비
480460,
481050,
481060,
481180,
481190,
481340,
481430,
481850,21금융
482030,
482730,
483020,
483030,
483280,
483290,
483320,
483330,
483340,
483570,
483650,08화학
484790,
484870,12기계·장비
484880,
484890,
485540,
485690,
485810,
486240,
486290,
486450,
486830,
487130,
487230,
487240,
487340,
487570,21금융
487750,
487910,
487920,
487950,
488080,
488200,
488210,
488290,
488480,
488500,
488720,
488770,
488980,
489000,
489010,
489030,
489250,
489290,
489790,13전기·전자
489860,
490090,
490330,
490480,
490490,
490590,
490600,
491010,
491090,
491220,
491230,
491510,
491610,
491620,
491630,
491700,
491820,
491830,
492500,
493420,
493810,
494180,
494210,
494220,
494300,
494310,
494330,
494340,
494410,
494420,
494670,
494840,
494890,
495040,
495050,
495060,
495230,
495330,
495550,
495750,
495850,
495940,
496020,
496080,
496090,
496120,
496130,
496770,
497510,
497520,
497570,
497780,
497880,
498050,
498180,
498270,
498400,
498410,
498610,
498860,
499150,
499660,
499790,21금융
950210,
J0036221D,
J0113321F,
J0527101G,
J0619701G,
J0669721F,
J0671721G,
J1876601G,
J2086401G,
J3483401G,
Q500061,
Q500063,
Q500067,
Q500068,
Q500069,
Q500071,
Q500072,
Q500085,
Q500086,
Q500091,
Q500093,
Q500094,
Q500095,
Q500096,
Q500097,
Q500098,
Q500099,
Q500100,
Q500101,
Q500102,
Q500035,
Q500036,
Q500020,
Q500028,
Q500050,
Q500051,
Q500023,
Q500024,
Q500029,
Q500030,
Q500037,
Q500038,
Q500040,
Q500041,
Q510027,
Q510043,
Q510044,
Q510045,
Q520037,
Q520038,
Q520039,
Q520040,
Q520046,
Q520047,
Q520054,
Q520056,
Q520057,
Q520064,
Q520065,
Q520066,
Q520072,
Q520073,
Q520074,
Q520075,
Q520076,
Q520077,
Q520078,
Q520079,
Q520080,
Q520081,
Q520082,
Q520083,
Q520084,
Q520085,
Q520086,
Q520087,
Q520088,
Q520089,
Q520090,
Q520091,
Q520092,
Q520093,
Q520094,
Q520097,
Q520098,
Q520099,
Q520100,
Q520101,
Q520102,
Q530083,
Q530084,
Q530089,
Q530090,
Q530092,
Q530094,
Q530095,
Q530096,
Q530104,
Q530106,
Q530107,
Q530112,
Q530113,
Q530114,
Q530115,
Q530116,
Q530117,
Q530118,
Q530119,
Q530120,
Q530121,
Q530122,
Q530123,
Q530124,
Q530125,
Q530126,
Q530127,
Q530128,
Q530129,
Q530130,
Q530131,
Q530132,
Q530133,
Q530134,
Q530135,
Q530136,
Q530137,
Q530138,
Q530139,
Q530140,
Q530141,
Q530142,
Q530143,
Q530145,
Q530067,
Q530060,
Q530031,
Q530055,
Q530056,
Q530061,
Q530062,
Q530063,
Q530064,
Q550062,
Q550063,
Q550064,
Q550069,
Q550070,
Q550082,
Q550084,
Q550085,
Q550087,
Q550088,
Q550089,
Q550091,
Q550092,
Q550093,
Q550095,
Q550096,
Q550097,
Q550098,
Q550099,
Q550100,
Q550041,
Q570047,
Q570050,
Q570051,
Q570059,
Q570060,
Q570061,
Q570063,
Q570064,
Q570065,
Q570066,
Q570069,
Q570070,
Q570071,
Q570072,
Q570073,
Q570074,
Q570081,
Q570082,
Q570085,
Q570090,
Q570091,
Q570092,
Q570094,
Q570095,
Q570096,
Q570097,
Q570098,
Q570099,
Q570100,
Q570101,
Q570102,
Q570103,
Q570104,
Q570105,
Q570106,
Q570107,
Q570108,
Q570109,
Q570110,
Q570111,
Q570114,
Q570115,
Q570116,
Q570117,
Q570118,
Q570119,
Q570120,
Q570121,
Q570122,
Q570123,
Q570124,
Q570125,
Q570126,
Q570127,
Q570019,
Q570029,
Q570022,
Q570023,
Q580022,
Q580023,
Q580026,
Q580032,
Q580033,
Q580034,
Q580035,
Q580039,
Q580043,
Q580044,
Q580047,
Q580048,
Q580049,
Q580050,
Q580051,
Q580052,
Q580053,
Q580054,
Q580056,
Q580057,
Q580058,
Q580059,
Q580060,
Q580061,
Q580062,
Q580063,
Q580064,
Q580065,
Q580066,
Q580067,
Q580068,
Q580069,
Q580070,
Q580071,
Q580072,
Q580073,
Q580074,
Q580075,
Q580076,
Q580077,
Q580078,
Q580079,
Q580080,
Q580081,
Q580082,
Q580083,
Q580084,
Q580085,
Q580086,
Q580087,
Q580088,
Q580089,
Q580090,
Q580010,
Q610001,
Q610003,
Q610007,
Q610008,
Q610009,
Q610012,
Q610013,
Q610018,
Q610020,
Q610022,
Q610023,
Q610024,
Q610025,
Q610028,
Q610029,
Q610030,
Q610034,
Q610035,
Q610036,
Q610037,
Q610038,
Q610039,
Q610040,
Q610045,
Q610047,
Q610049,
Q610051,
Q610055,
Q610056,
Q610057,
Q610058,
Q610059,
Q610060,
Q610061,
Q610062,
Q610063,
Q610064,
Q610066,
Q610068,
Q610069,
Q610070,
Q610071,
Q610072,
Q610073,
Q610074,
Q610075,
Q610076,
Q610077,
Q610078,
Q610079,
Q610080,
Q610081,
Q610082,
Q610083,
Q610084,
Q610085,
Q610086,
Q610087,
Q610088,
Q610089,
Q610090,
Q610091,
Q610092,
Q610093,
Q610094,
Q610095,
Q610096,
Q610097,
Q610098,
Q610099,
Q610100,
Q610101,
Q610102,
Q610103,
Q610104,
Q610105,
Q610106,
Q700011,
Q700012,
Q700013,
Q700014,
Q700017,
Q700018,
Q700022,
Q700023,
Q700026,
Q700027,
Q700028,
Q700029,
Q700030,
Q700031,
Q700032,
Q700033,
Q700034,
Q700035,
Q700036,
Q760004,
Q760005,
Q760006,
Q760007,
Q760008,
Q760009,
Q760010,
Q760011,
Q760012,
Q760013,
Q760014,
Q760015,
Q760016,
Q760017,
Q760018,
Q760019,
Q760020,
Q760021,
Q760022,
Q760023,
Q760024,
Q760025,
Q760026,
Q760027,
Q760028,
900140,
900110,
900270,
900260,
900290,
900300,
900310,
900340,
0001A0,
000250,24제약
000440,11유통
0004V0,26금속
0004Y0,14금융
0007C0,
0007J0,06일반서비스
0008Z0,28전기·전자
0009K0,06일반서비스
001000,
0010F0,23화학
0010V0,29의료·정밀기기
0011A0,28전기·전자
0011T0,28전기·전자
0013V0,19음식료·담배
001540,24제약
0015G0,29의료·정밀기기
0015N0,23화학
0015S0,06일반서비스
0017J0,27기계·장비
001810,21종이·목재
001840,10건설
002230,29의료·정밀기기
002290,10건설
002680,19음식료·담배
002800,24제약
003100,13운송·창고
003310,19음식료·담배
003380,14금융
0037T0,14금융
003800,31기타제조
0039P0,06일반서비스
0041B0,14금융
0041J0,14금융
0041L0,14금융
0044K0,14금융
004590,11유통
004650,19음식료·담배
004780,26금속
005160,26금속
005290,23화학
0054V0,14금융
005670,19음식료·담배
005710,30운송장비·부품
005860,19음식료·담배
005990,19음식료·담배
006050,25비금속
006140,29의료·정밀기기
006620,24제약
006730,06일반서비스
0068Y0,14금융
006910,26금속
006920,25비금속
0071M0,14금융
0072Z0,14금융
007330,14금융
007370,24제약
007390,24제약
007530,26금속
007680,10건설
007720,11유통
007770,23화학
007820,27기계·장비
008290,20섬유·의류
0082N0,06일반서비스
008370,23화학
008470,26금속
008830,27기계·장비
0088D0,14금융
0088M0,29의료·정밀기기
0091W0,14금융
009300,24제약
0093G0,14금융
009520,26금속
009620,26금속
0096B0,14금융
0096D0,14금융
009730,26금속
009780,19음식료·담배
0097F0,14금융
0098T0,14금융
0099W0,14금융
0099X0,14금융
010170,28전기·전자
0101C0,14금융
010240,27기계·장비
010280,
010470,06일반서비스
0105P0,14금융
011040,24제약
011080,20섬유·의류
011320,30운송장비·부품
011370,10건설
011560,10건설
0115H0,14금융
0117P0,11유통
012210,26금속
012340,30운송장비·부품
012620,26금속
012700,11유통
012790,24제약
012860,30운송장비·부품
0129K0,14금융
013030,26금속
0130D0,14금융
0130H0,14금융
013120,10건설
0131D0,14금융
0132G0,14금융
013310,30운송장비·부품
0134X0,14금융
013720,30운송장비·부품
013810,27기계·장비
013990,11유통
014100,11유통
014190,11유통
014470,
014570,24제약
014620,26금속
014940,27기계·장비
014950,24제약
014970,21종이·목재
015710,28전기·전자
015750,30운송장비·부품
016100,21종이·목재
016250,10건설
0164H0,14금융
0165X0,14금융
016600,14금융
016670,11유통
016790,19음식료·담배
016920,11유통
017000,10건설
017250,28전기·전자
017480,26금속
017510,26금속
017650,21종이·목재
017890,23화학
018000,27기계·장비
018120,19음식료·담배
018290,23화학
018310,26금속
018620,24제약
018680,24제약
018700,11유통
019010,11유통
019210,26금속
019540,30운송장비·부품
019550,14금융
019570,14금융
019660,11유통
019770,27기계·장비
019990,27기계·장비
020180,
020400,26금속
020710,06일반서비스
021040,26금속
021045,26금속
021080,14금융
021320,10건설
021650,23화학
021880,14금융
022220,23화학
023160,26금속
023410,25비금속
023440,26금속
023600,21종이·목재
023760,14금융
023770,
023790,26금속
023900,19음식료·담배
023910,24제약
024060,11유통
024120,30운송장비·부품
024740,30운송장비·부품
024800,13운송·창고
024830,30운송장비·부품
024840,26금속
024850,28전기·전자
024880,26금속
024910,30운송장비·부품
024940,11유통
024950,11유통
025320,28전기·전자
025440,28전기·전자
025550,26금속
025770,
025870,11유통
025880,19음식료·담배
025900,21종이·목재
025950,10건설
025980,06일반서비스
026040,31기타제조
026150,10건설
026910,26금속
027040,28전기·전자
027050,23화학
027360,14금융
027580,23화학
027710,19음식료·담배
027830,14금융
028080,
028300,24제약
029480,28전기·전자
030350,
030520,
030530,23화학
030960,22출판·매체복제
031310,
031330,11유통
031510,30운송장비·부품
031860,11유통
031980,27기계·장비
032080,20섬유·의류
032190,11유통
032280,13운송·창고
032300,24제약
032500,28전기·전자
032540,28전기·전자
032580,28전기·전자
032620,
032680,
032685,
032750,28전기·전자
032790,11유통
032800,15오락·문화
032820,28전기·전자
032850,
032860,06일반서비스
032940,11유통
032960,28전기·전자
033050,23화학
033100,28전기·전자
033130,
033160,28전기·전자
033170,28전기·전자
033200,28전기·전자
033230,
033290,11유통
033310,28전기·전자
033320,11유통
033340,20섬유·의류
033500,23화학
033540,27기계·장비
033560,28전기·전자
033640,28전기·전자
033790,28전기·전자
033830,15오락·문화
034810,14금융
03481K,14금융
034940,24제약
034950,06일반서비스
035080,11유통
035200,23화학
035290,15오락·문화
035460,28전기·전자
035600,
035610,06일반서비스
035620,15오락·문화
035760,15오락·문화
035810,19음식료·담배
035890,10건설
035900,15오락·문화
036000,15오락·문화
036010,28전기·전자
036030,11유통
036090,27기계·장비
036120,
036170,28전기·전자
036190,10건설
036200,27기계·장비
036220,29의료·정밀기기
036480,24제약
036540,28전기·전자
036560,27기계·장비
036620,11유통
036630,10건설
036640,23화학
036670,23화학
036690,28전기·전자
036710,06일반서비스
036800,
036810,28전기·전자
036830,06일반서비스
036890,27기계·장비
036930,27기계·장비
037030,28전기·전자
037070,28전기·전자
037230,21종이·목재
037330,28전기·전자
037350,06일반서비스
037370,23화학
037400,11유통
037440,06일반서비스
037460,28전기·전자
037760,26금속
037950,28전기·전자
038010,26금속
038060,28전기·전자
038070,11유통
038110,30운송장비·부품
038290,06일반서비스
038390,06일반서비스
038460,28전기·전자
038500,25비금속
038530,11유통
038540,
038620,11유통
038680,
038870,06일반서비스
038880,28전기·전자
038950,28전기·전자
039010,28전기·전자
039020,21종이·목재
039030,27기계·장비
039200,24제약
039240,26금속
039290,
039310,
039340,15오락·문화
039420,
039440,27기계·장비
039560,28전기·전자
039610,27기계·장비
039740,11유통
039830,06일반서비스
039840,29의료·정밀기기
039860,29의료·정밀기기
039980,
040160,
040300,15오락·문화
040350,
040420,06일반서비스
040610,30운송장비·부품
040910,27기계·장비
041020,
041190,14금융
041440,27기계·장비
041460,
041510,15오락·문화
041520,29의료·정밀기기
041590,10건설
041830,29의료·정밀기기
041910,24제약
041920,29의료·정밀기기
041930,23화학
041960,24제약
042000,
042040,11유통
042110,28전기·전자
042370,14금융
042420,
042500,
042510,
042520,24제약
042600,28전기·전자
042940,10건설
043090,11유통
043100,29의료·정밀기기
043150,29의료·정밀기기
043200,28전기·전자
043220,27기계·장비
043260,28전기·전자
043340,27기계·장비
043360,28전기·전자
043370,30운송장비·부품
043590,28전기·전자
043610,15오락·문화
043650,19음식료·담배
043710,11유통
043910,25비금속
044180,10건설
044340,28전기·전자
044480,15오락·문화
044490,26금속
044780,27기계·장비
044960,11유통
044990,28전기·전자
045060,23화학
045100,06일반서비스
045300,28전기·전자
045340,
045390,28전기·전자
045510,11유통
045520,27기계·장비
045660,27기계·장비
045970,28전기·전자
046070,30운송장비·부품
046120,06일반서비스
046210,24제약
046310,28전기·전자
046390,15오락·문화
046440,
046890,28전기·전자
046940,10건설
046970,11유통
047080,
047310,28전기·전자
047560,
047770,20섬유·의류
047820,15오락·문화
047920,06일반서비스
048410,23화학
048430,28전기·전자
048470,11유통
048530,24제약
048550,06일반서비스
048770,27기계·장비
048830,23화학
048870,29의료·정밀기기
048910,11유통
049070,28전기·전자
049080,28전기·전자
049120,28전기·전자
049180,24제약
049430,29의료·정밀기기
049470,
049480,
049520,28전기·전자
049550,23화학
049630,29의료·정밀기기
049720,06일반서비스
049830,26금속
049950,27기계·장비
049960,24제약
050090,06일반서비스
050110,28전기·전자
050120,11유통
050760,23화학
050860,27기계·장비
050890,28전기·전자
050960,
051160,
051360,28전기·전자
051370,28전기·전자
051380,11유통
051390,11유통
051490,27기계·장비
051500,11유통
051780,11유통
051980,28전기·전자
052020,11유통
052220,15오락·문화
052260,23화학
052300,11유통
052330,28전기·전자
052400,
052420,23화학
052460,
052600,
052710,28전기·전자
052770,
052790,
052860,28전기·전자
052900,23화학
053030,24제약
053050,
053060,30운송장비·부품
053080,27기계·장비
053160,28전기·전자
053260,26금속
053270,30운송장비·부품
053280,11유통
053290,15오락·문화
053300,
053350,
053450,29의료·정밀기기
053580,
053610,27기계·장비
053620,26금속
053700,30운송장비·부품
053800,
053950,24제약
053980,
054040,28전기·전자
054050,
054090,31기타제조
054180,30운송장비·부품
054210,28전기·전자
054220,28전기·전자
054300,27기계·장비
054410,11유통
054450,28전기·전자
054540,26금속
054620,14금융
054670,24제약
054780,15오락·문화
054800,06일반서비스
054920,
054930,06일반서비스
054940,10건설
054950,27기계·장비
056080,27기계·장비
056090,29의료·정밀기기
056190,27기계·장비
056360,28전기·전자
056700,23화학
056730,10건설
057030,06일반서비스
057540,29의료·정밀기기
057680,
058110,29의료·정밀기기
058400,15오락·문화
058450,15오락·문화
058470,28전기·전자
058610,28전기·전자
058630,
058820,24제약
058970,
059090,28전기·전자
059100,28전기·전자
059120,28전기·전자
059210,24제약
059270,26금속
060150,06일반서비스
060230,23화학
060240,30운송장비·부품
060250,14금융
060260,23화학
060280,11유통
060310,29의료·정밀기기
060370,10건설
060380,26금속
060480,26금속
060540,29의료·정밀기기
060560,11유통
060570,15오락·문화
060590,24제약
060720,28전기·전자
060850,
060900,
061040,28전기·전자
061090,28전기·전자
061250,24제약
061970,28전기·전자
062970,28전기·전자
063080,
063170,11유통
063440,22출판·매체복제
063570,06일반서비스
063760,29의료·정밀기기
064090,11유통
064240,11유통
064260,
064290,27기계·장비
064480,
064520,28전기·전자
064550,24제약
064760,25비금속
064800,11유통
064820,30운송장비·부품
064850,
065060,20섬유·의류
065130,27기계·장비
065150,11유통
065170,11유통
065350,28전기·전자
065370,
065420,23화학
065440,
065450,29의료·정밀기기
065500,30운송장비·부품
065510,29의료·정밀기기
065530,
065570,28전기·전자
065650,11유통
065660,11유통
065680,28전기·전자
065690,23화학
065710,28전기·전자
065770,28전기·전자
065950,20섬유·의류
066130,28전기·전자
066310,28전기·전자
066360,19음식료·담배
066410,
066430,11유통
066590,30운송장비·부품
066620,10건설
066670,
066700,24제약
066790,15오락·문화
066900,28전기·전자
066910,11유통
066980,06일반서비스
067000,
067010,
067080,24제약
067160,
067170,30운송장비·부품
067280,06일반서비스
067290,24제약
067310,28전기·전자
067370,24제약
067390,30운송장비·부품
067570,30운송장비·부품
067630,24제약
067730,
067770,28전기·전자
067900,06일반서비스
067920,
067990,11유통
068050,15오락·문화
068100,27기계·장비
068240,28전기·전자
068330,27기계·장비
068760,24제약
068790,27기계·장비
068930,06일반서비스
068940,28전기·전자
069080,
069140,26금속
069330,28전기·전자
069410,
069510,28전기·전자
069540,28전기·전자
069920,11유통
070300,
070590,
071200,
071280,27기계·장비
071670,27기계·장비
071850,30운송장비·부품
072020,24제약
072470,30운송장비·부품
072770,
072870,15오락·문화
072950,28전기·전자
072990,06일반서비스
073010,27기계·장비
073110,28전기·전자
073190,31기타제조
073490,28전기·전자
073540,28전기·전자
073560,19음식료·담배
073570,31기타제조
073640,26금속
074430,24제약
074600,25비금속
075130,
075970,25비금속
076080,10건설
076610,29의료·정밀기기
077360,28전기·전자
078020,14금융
078070,14금융
078130,21종이·목재
078140,24제약
078150,27기계·장비
078160,24제약
078340,
078350,28전기·전자
078590,30운송장비·부품
078600,28전기·전자
078860,15오락·문화
078890,28전기·전자
079000,23화학
079170,26금속
079190,28전기·전자
079370,27기계·장비
079650,25비금속
079810,28전기·전자
079940,
079950,27기계·장비
079960,28전기·전자
079970,
080010,11유통
080160,06일반서비스
080220,28전기·전자
080420,11유통
080470,30운송장비·부품
080520,28전기·전자
080530,23화학
080580,28전기·전자
080720,24제약
081150,26금속
081180,27기계·장비
081580,28전기·전자
082210,29의료·정밀기기
082270,27기계·장비
082660,23화학
082800,24제약
082850,19음식료·담배
082920,28전기·전자
083310,27기계·장비
083450,27기계·장비
083470,23화학
083500,27기계·장비
083550,20섬유·의류
083640,11유통
083650,27기계·장비
083660,23화학
083790,06일반서비스
083930,27기계·장비
084110,24제약
084180,27기계·장비
084370,27기계·장비
084440,
084650,06일반서비스
084730,28전기·전자
084850,28전기·전자
084990,06일반서비스
085660,24제약
085670,28전기·전자
085810,
085910,30운송장비·부품
086040,06일반서비스
086060,11유통
086390,27기계·장비
086450,24제약
086520,14금융
086670,27기계·장비
086710,23화학
086820,24제약
086890,24제약
086900,24제약
086960,
086980,15오락·문화
087010,24제약
087260,
087600,28전기·전자
088130,27기계·장비
088280,28전기·전자
088290,30운송장비·부품
088340,
088390,30운송장비·부품
088800,28전기·전자
088910,19음식료·담배
089010,23화학
089030,27기계·장비
089140,27기계·장비
089150,
089230,
089600,06일반서비스
089790,27기계·장비
089850,
089890,27기계·장비
089970,27기계·장비
089980,23화학
090150,30운송장비·부품
090360,27기계·장비
090410,26금속
090470,27기계·장비
090710,27기계·장비
090850,
091120,28전기·전자
091340,28전기·전자
091440,28전기·전자
091580,28전기·전자
091590,10건설
091700,28전기·전자
091970,23화학
092040,19음식료·담배
092070,23화학
092130,
092190,28전기·전자
092300,28전기·전자
092460,30운송장비·부품
092600,28전기·전자
092730,23화학
092870,27기계·장비
093190,28전기·전자
093320,
093380,26금속
093520,11유통
093640,28전기·전자
093920,28전기·전자
094170,28전기·전자
094360,28전기·전자
094480,
094820,10건설
094840,28전기·전자
094850,06일반서비스
094860,
094940,28전기·전자
094970,28전기·전자
095190,26금속
095270,29의료·정밀기기
095340,11유통
095500,23화학
095610,27기계·장비
095660,
095700,06일반서비스
095910,28전기·전자
096240,06일반서비스
096250,
096350,26금속
096530,24제약
096610,28전기·전자
096630,28전기·전자
096690,28전기·전자
096870,28전기·전자
097780,30운송장비·부품
097800,28전기·전자
097870,23화학
098070,26금속
098120,28전기·전자
098460,27기계·장비
098660,20섬유·의류
099190,29의료·정밀기기
099220,11유통
099320,30운송장비·부품
099390,
099410,30운송장비·부품
099430,24제약
099440,27기계·장비
099520,28전기·전자
099750,
100030,
100120,29의료·정밀기기
100130,26금속
100590,28전기·전자
100660,27기계·장비
100700,24제약
100790,14금융
101000,27기계·장비
101160,28전기·전자
101170,27기계·장비
101240,23화학
101330,28전기·전자
101360,28전기·전자
101400,28전기·전자
101490,28전기·전자
101670,26금속
101680,27기계·장비
101730,
101930,30운송장비·부품
101970,26금속
102120,28전기·전자
102370,11유통
102710,23화학
102940,24제약
103230,27기계·장비
103840,19음식료·담배
104040,30운송장비·부품
104200,
104460,27기계·장비
104480,23화학
104540,29의료·정밀기기
104620,06일반서비스
104830,23화학
105330,30운송장비·부품
105550,28전기·전자
105740,27기계·장비
105760,27기계·장비
106080,28전기·전자
106190,24제약
106240,28전기·전자
107600,23화학
107640,28전기·전자
108230,27기계·장비
108380,30운송장비·부품
108490,27기계·장비
108860,
109080,28전기·전자
109610,26금속
109670,20섬유·의류
109740,27기계·장비
109820,06일반서비스
109860,26금속
109960,11유통
110020,23화학
110790,20섬유·의류
110990,27기계·장비
111710,15오락·문화
112040,
112290,23화학
113810,30운송장비·부품
114190,28전기·전자
114450,24제약
114630,23화학
114810,27기계·장비
114840,23화학
115160,11유통
115180,06일반서비스
115310,
115440,28전기·전자
115450,11유통
115480,29의료·정밀기기
115500,
115530,28전기·전자
115570,23화학
115610,28전기·전자
117670,28전기·전자
117730,27기계·장비
118990,30운송장비·부품
119500,26금속
119610,29의료·정밀기기
119830,06일반서비스
119850,28전기·전자
120240,23화학
121440,11유통
121600,23화학
121800,28전기·전자
121850,23화학
121890,28전기·전자
122310,29의료·정밀기기
122350,30운송장비·부품
122450,15오락·문화
122640,27기계·장비
122690,30운송장비·부품
122870,15오락·문화
122990,28전기·전자
123010,28전기·전자
123040,30운송장비·부품
123330,23화학
123410,30운송장비·부품
123420,
123570,06일반서비스
123750,30운송장비·부품
123840,19음식료·담배
123860,28전기·전자
124500,
124560,13운송·창고
125020,28전기·전자
125210,28전기·전자
125490,30운송장비·부품
126340,28전기·전자
126600,23화학
126640,30운송장비·부품
126700,29의료·정밀기기
126730,28전기·전자
126880,27기계·장비
127120,06일반서비스
127710,
127980,28전기·전자
128540,30운송장비·부품
128660,26금속
129890,28전기·전자
129920,27기계·장비
130500,20섬유·의류
130580,06일반서비스
130740,30운송장비·부품
131030,24제약
131090,
131100,15오락·문화
131180,28전기·전자
131220,11유통
131290,29의료·정밀기기
131370,
131400,28전기·전자
131760,27기계·장비
131970,06일반서비스
133750,06일반서비스
134060,15오락·문화
134580,
136150,27기계·장비
136410,23화학
136480,19음식료·담배
136540,
137080,27기계·장비
137400,27기계·장비
137940,29의료·정밀기기
137950,23화학
138070,26금속
138080,28전기·전자
138360,27기계·장비
138610,24제약
139670,
140070,11유통
140410,06일반서비스
140430,
140520,26금속
140670,28전기·전자
140860,29의료·정밀기기
141000,27기계·장비
141080,06일반서비스
142210,11유통
142280,24제약
142760,06일반서비스
143160,28전기·전자
143240,
143540,27기계·장비
144510,06일반서비스
144960,27기계·장비
145020,24제약
145170,20섬유·의류
146060,26금속
146320,28전기·전자
147760,29의료·정밀기기
147830,26금속
148150,28전기·전자
148250,28전기·전자
148780,
148930,26금속
149950,28전기·전자
149980,29의료·정밀기기
150900,
151860,30운송장비·부품
153460,
153490,28전기·전자
153710,24제약
153890,28전기·전자
154030,
154040,28전기·전자
155650,28전기·전자
156100,29의료·정밀기기
158430,
159010,27기계·장비
159580,11유통
159910,23화학
160190,28전기·전자
160550,15오락·문화
160980,27기계·장비
161580,27기계·장비
162300,26금속
163280,27기계·장비
163730,
166090,28전기·전자
166480,24제약
168330,06일반서비스
168360,27기계·장비
169330,06일반서비스
170030,30운송장비·부품
170790,28전기·전자
170920,23화학
171010,23화학
171090,27기계·장비
171120,23화학
172670,28전기·전자
173130,
173940,15오락·문화
174900,24제약
175140,28전기·전자
175250,23화학
176750,24제약
177350,23화학
177830,28전기·전자
177900,28전기·전자
178320,28전기·전자
178780,11유통
179290,29의료·정밀기기
179530,24제약
179900,28전기·전자
180400,06일반서비스
182360,15오락·문화
182400,24제약
183300,27기계·장비
183490,24제약
184230,
185490,06일반서비스
186230,26금속
187220,06일반서비스
187270,28전기·전자
187420,24제약
187660,06일반서비스
187790,23화학
187870,27기계·장비
188040,19음식료·담배
188260,31기타제조
189300,28전기·전자
189330,
189690,
189860,28전기·전자
189980,19음식료·담배
190510,28전기·전자
190650,14금융
191410,28전기·전자
191420,24제약
192250,
192390,26금속
192410,28전기·전자
192440,31기타제조
193250,28전기·전자
194480,
194700,19음식료·담배
195500,19음식료·담배
195940,24제약
195990,27기계·장비
196170,06일반서비스
196300,24제약
196450,29의료·정밀기기
196490,27기계·장비
196700,23화학
197140,
198080,28전기·전자
198440,25비금속
198940,26금속
199430,29의료·정밀기기
199480,
199550,29의료·정밀기기
199730,06일반서비스
199800,06일반서비스
199820,28전기·전자
200130,24제약
200230,24제약
200350,15오락·문화
200470,28전기·전자
200670,24제약
200710,28전기·전자
200780,24제약
201490,
203400,06일반서비스
203450,28전기·전자
203650,
204020,20섬유·의류
204270,28전기·전자
204610,
204620,14금융
204840,11유통
205100,
205470,24제약
205500,
206400,10건설
206560,15오락·문화
206640,24제약
206650,24제약
207760,
208140,19음식료·담배
208350,
208370,29의료·정밀기기
208640,
208710,28전기·전자
208860,
209640,27기계·장비
210120,15오락·문화
211050,14금융
211270,28전기·전자
212560,30운송장비·부품
212710,28전기·전자
213420,28전기·전자
214150,29의료·정밀기기
214180,
214260,23화학
214270,
214370,24제약
214430,28전기·전자
214450,24제약
214610,29의료·정밀기기
214680,29의료·정밀기기
215000,
215090,29의료·정밀기기
215100,28전기·전자
215200,06일반서비스
215360,30운송장비·부품
215380,06일반서비스
215480,11유통
215600,06일반서비스
215790,28전기·전자
216050,06일반서비스
216080,24제약
217190,27기계·장비
217270,
217330,06일반서비스
217480,23화학
217500,27기계·장비
217730,24제약
217820,27기계·장비
218150,19음식료·담배
218410,28전기·전자
219130,28전기·전자
219420,
219550,11유통
219750,29의료·정밀기기
220100,24제약
220180,
220260,23화학
221800,06일반서비스
221840,30운송장비·부품
221980,23화학
222040,19음식료·담배
222080,27기계·장비
222110,24제약
222420,25비금속
222800,28전기·전자
222980,19음식료·담배
223250,06일반서비스
223310,11유통
224060,28전기·전자
224110,28전기·전자
225190,29의료·정밀기기
225220,24제약
225430,23화학
225530,25비금속
225570,
225590,20섬유·의류
226330,
226340,23화학
226400,29의료·정밀기기
226590,28전기·전자
226950,06일반서비스
227610,23화학
227950,27기계·장비
228340,25비금속
228670,29의료·정밀기기
228760,06일반서비스
228850,29의료·정밀기기
229000,24제약
230240,28전기·전자
232140,27기계·장비
232680,27기계·장비
232830,
234030,28전기·전자
234100,30운송장비·부품
234300,
234340,14금융
234690,24제약
234920,28전기·전자
235980,06일반서비스
236200,28전기·전자
236810,06일반서비스
237690,24제약
237750,28전기·전자
237820,06일반서비스
237880,23화학
238090,23화학
238120,29의료·정밀기기
238200,19음식료·담배
238490,27기계·장비
239340,
239610,19음식료·담배
239890,23화학
240550,29의료·정밀기기
240600,26금속
240810,27기계·장비
241520,14금융
241690,30운송장비·부품
241710,23화학
241770,28전기·전자
241790,27기계·장비
241820,24제약
241840,15오락·문화
242040,
243070,24제약
243840,28전기·전자
244460,24제약
245620,06일반서비스
246250,06일반서비스
246690,14금융
246710,24제약
246720,24제약
246960,24제약
247540,28전기·전자
247660,28전기·전자
250000,11유통
250060,
250930,23화학
251120,24제약
251370,23화학
251630,27기계·장비
251970,23화학
252500,23화학
252990,28전기·전자
253450,15오락·문화
253590,27기계·장비
253840,24제약
254120,27기계·장비
254490,11유통
255220,25비금속
255440,27기계·장비
256150,27기계·장비
256630,26금속
256840,24제약
256940,24제약
257370,27기계·장비
257720,11유통
258610,26금속
258790,
258830,29의료·정밀기기
259630,27기계·장비
260660,24제약
260930,23화학
260970,19음식료·담배
261200,29의료·정밀기기
261520,
261780,06일반서비스
262260,28전기·전자
262840,
263020,23화학
263050,24제약
263600,28전기·전자
263690,29의료·정밀기기
263700,06일반서비스
263720,15오락·문화
263750,
263770,26금속
263800,11유통
263810,28전기·전자
263860,
263920,31기타제조
264450,28전기·전자
264660,27기계·장비
264850,28전기·전자
265520,27기계·장비
265560,30운송장비·부품
265740,23화학
267320,27기계·장비
267790,20섬유·의류
267980,19음식료·담배
269620,29의료·정밀기기
270520,06일반서비스
270660,28전기·전자
270870,19음식료·담배
271830,27기계·장비
272110,28전기·전자
272290,28전기·전자
273060,06일반서비스
273640,28전기·전자
274090,30운송장비·부품
274400,
275630,
276040,
276730,19음식료·담배
277070,14금융
277410,19음식료·담배
277810,27기계·장비
277880,27기계·장비
278280,23화학
278650,06일반서비스
279600,
281740,23화학
282720,10건설
282880,27기계·장비
284620,06일반서비스
285490,31기타제조
285800,23화학
286750,23화학
287840,06일반서비스
288180,30운송장비·부품
288330,06일반서비스
288620,28전기·전자
288980,
289010,15오락·문화
289080,14금융
289220,15오락·문화
289930,28전기·전자
290090,
290120,30운송장비·부품
290270,
290520,27기계·장비
290550,28전기·전자
290560,
290650,24제약
290660,29의료·정밀기기
290670,28전기·전자
290690,28전기·전자
290720,11유통
290740,28전기·전자
291230,06일반서비스
291650,06일반서비스
291810,
293490,
293580,14금융
293780,06일반서비스
294090,29의료·정밀기기
294140,23화학
294570,
294630,28전기·전자
295310,26금속
296640,
297090,27기계·장비
297570,28전기·전자
297890,27기계·장비
298060,24제약
298380,24제약
298540,20섬유·의류
298830,
299030,27기계·장비
299170,11유통
299660,06일반서비스
299900,15오락·문화
300080,
300120,
301300,
302430,27기계·장비
302550,29의료·정밀기기
303030,28전기·전자
303360,29의료·정밀기기
303530,
303810,24제약
304100,
304360,24제약
304840,24제약
305090,29의료·정밀기기
306040,20섬유·의류
306620,27기계·장비
307180,28전기·전자
307280,24제약
307750,24제약
307870,
307930,14금융
308080,06일반서비스
308100,11유통
308430,24제약
309710,24제약
309930,11유통
309960,14금융
310200,15오락·문화
310210,06일반서비스
310870,30운송장비·부품
311320,28전기·전자
311390,19음식료·담배
311690,06일반서비스
312610,26금속
313760,28전기·전자
314130,24제약
314140,24제약
314930,29의료·정밀기기
315640,
317120,28전기·전자
317240,23화학
317330,23화학
317530,15오락·문화
317690,29의료·정밀기기
317770,28전기·전자
317830,27기계·장비
317850,27기계·장비
317870,31기타제조
318000,23화학
318010,19음식료·담배
318020,28전기·전자
318060,23화학
318160,20섬유·의류
318410,23화학
319400,27기계·장비
319660,27기계·장비
320000,27기계·장비
321260,28전기·전자
321370,28전기·전자
321550,06일반서비스
321820,15오락·문화
322180,
322310,27기계·장비
322510,
322780,15오락·문화
323280,27기계·장비
323350,27기계·장비
323990,06일반서비스
327260,28전기·전자
328130,
328380,
330350,24제약
330730,14금융
330860,06일반서비스
331380,28전기·전자
331520,
331740,
331920,24제약
332290,23화학
332370,28전기·전자
332570,28전기·전자
333050,
333430,30운송장비·부품
333620,28전기·전자
334970,24제약
335810,29의료·정밀기기
335870,11유통
336060,
336570,29의료·정밀기기
336680,28전기·전자
337930,
338220,
338840,06일반서비스
339950,06일반서비스
340360,28전기·전자
340440,23화학
340450,06일반서비스
340570,24제약
340810,
340930,27기계·장비
342870,11유통
344860,23화학
347000,29의료·정밀기기
347700,
347740,06일반서비스
347770,28전기·전자
347850,06일반서비스
347860,
347890,29의료·정밀기기
348030,
348080,06일반서비스
348150,06일반서비스
348210,27기계·장비
348340,27기계·장비
348350,29의료·정밀기기
348370,23화학
351320,27기계·장비
351330,
351870,06일반서비스
352090,23화학
352480,23화학
352700,23화학
352770,06일반서비스
352910,
352940,23화학
353190,19음식료·담배
353590,11유통
353810,19음식료·담배
354200,06일반서비스
354320,26금속
355150,28전기·전자
355390,
355690,28전기·전자
356680,
356860,28전기·전자
356890,
357230,19음식료·담배
357550,23화학
357580,28전기·전자
357780,23화학
357880,
358570,06일반서비스
359090,06일반서비스
360070,28전기·전자
360350,29의료·정밀기기
361390,28전기·전자
361570,15오락·문화
361670,28전기·전자
362320,11유통
362990,06일반서비스
363250,29의료·정밀기기
363260,06일반서비스
364950,27기계·장비
365270,06일반서비스
365330,26금속
365340,23화학
365590,28전기·전자
365660,
365900,31기타제조
366030,20섬유·의류
367000,
368600,28전기·전자
368770,29의료·정밀기기
368970,19음식료·담배
369370,15오락·문화
370090,29의료·정밀기기
371950,28전기·전자
372170,27기계·장비
372320,06일반서비스
372800,
373110,24제약
373160,06일반서비스
373170,
373200,31기타제조
376180,31기타제조
376270,06일반서비스
376290,28전기·전자
376300,
376900,24제약
376930,29의료·정밀기기
376980,
377030,
377220,19음식료·담배
377330,28전기·전자
377450,
377460,06일반서비스
377480,
378340,27기계·장비
378800,24제약
380540,28전기·전자
380550,
381620,27기계·장비
382150,06일반서비스
382480,27기계·장비
382800,27기계·장비
382840,27기계·장비
382900,28전기·전자
383310,23화학
383930,06일반서비스
384470,
387570,29의료·정밀기기
387690,29의료·정밀기기
388050,28전기·전자
388210,28전기·전자
388610,23화학
388720,27기계·장비
388790,28전기·전자
388870,06일반서비스
389020,28전기·전자
389030,06일반서비스
389140,15오락·문화
389260,10건설
389470,06일반서비스
389500,27기계·장비
389650,29의료·정밀기기
389680,
391710,27기계·장비
393210,
393890,28전기·전자
393970,23화학
394280,
394420,29의료·정밀기기
394800,06일반서비스
396270,28전기·전자
396300,26금속
396470,27기계·장비
397030,06일반서비스
397810,06일반서비스
398120,29의료·정밀기기
399720,28전기·전자
402030,
402490,28전기·전자
403490,19음식료·담배
403850,15오락·문화
403870,27기계·장비
405000,29의료·정밀기기
405100,06일반서비스
405920,11유통
406820,23화학
407400,31기타제조
408470,14금융
408900,15오락·문화
408920,06일반서비스
411080,
412350,27기계·장비
412540,27기계·장비
413390,27기계·장비
413630,23화학
413640,
415380,11유통
416180,30운송장비·부품
417010,27기계·장비
417180,
417200,28전기·전자
417500,23화학
417790,28전기·전자
417840,27기계·장비
417860,
417970,27기계·장비
418250,
418420,28전기·전자
418470,
418550,06일반서비스
418620,
419050,30운송장비·부품
419080,27기계·장비
419120,
419530,15오락·문화
419540,29의료·정밀기기
420570,23화학
420770,27기계·장비
424760,
424870,06일반서비스
424960,29의료·정밀기기
424980,28전기·전자
425040,23화학
425420,28전기·전자
429270,28전기·전자
430690,
431190,
432430,15오락·문화
432470,27기계·장비
432720,28전기·전자
432980,24제약
434480,
435570,19음식료·담배
437730,30운송장비·부품
438700,
439090,23화학
439580,11유통
439960,29의료·정밀기기
440110,28전기·전자
440290,14금융
440320,
441270,28전기·전자
443250,06일반서비스
443670,
444530,
445090,28전기·전자
445180,23화학
445680,29의료·정밀기기
446540,28전기·전자
446840,29의료·정밀기기
448280,06일반서비스
448710,28전기·전자
448900,30운송장비·부품
450330,24제약
450520,
450950,29의료·정밀기기
451220,27기계·장비
451250,23화학
451760,
452160,27기계·장비
452190,27기계·장비
452200,29의료·정밀기기
452280,26금속
452300,14금융
452400,30운송장비·부품
452430,28전기·전자
452450,27기계·장비
453450,06일반서비스
453860,23화학
455180,27기계·장비
455900,27기계·장비
456010,28전기·전자
456070,24제약
456160,24제약
457370,23화학
457550,06일반서비스
457600,28전기·전자
458350,06일반서비스
458650,28전기·전자
458870,29의료·정밀기기
459100,28전기·전자
459510,27기계·장비
459550,28전기·전자
460470,29의료·정밀기기
460870,25비금속
460930,30운송장비·부품
460940,29의료·정밀기기
461030,06일반서비스
461300,
462310,20섬유·의류
462350,30운송장비·부품
462510,29의료·정밀기기
462860,
462980,
463020,
463480,28전기·전자
464080,29의료·정밀기기
464280,24제약
464490,24제약
464500,28전기·전자
464580,15오락·문화
465320,14금융
465480,
466100,
466410,
466690,14금융
467930,14금융
468530,06일반서비스
468760,14금융
469480,14금융
469610,27기계·장비
469750,27기계·장비
469880,14금융
469900,14금융
471050,14금융
471820,19음식료·담배
472220,14금융
472230,14금융
472850,11유통
473000,14금융
473050,14금융
473950,14금융
473980,15오락·문화
474170,30운송장비·부품
474490,14금융
474610,26금속
474650,27기계·장비
474660,14금융
474930,14금융
475040,
475230,26금속
475240,14금융
475250,14금융
475400,27기계·장비
475430,28전기·전자
475460,
475580,31기타제조
475660,23화학
475830,24제약
475960,29의료·정밀기기
476040,06일반서비스
476060,06일반서비스
476080,15오락·문화
476830,06일반서비스
477340,14금융
477380,14금융
477470,14금융
477760,14금융
477850,
478110,14금융
478340,30운송장비·부품
478390,14금융
478440,14금융
478560,20섬유·의류
479880,14금융
479960,28전기·전자
481070,11유통
481890,14금융
482520,14금융
482630,23화학
482680,14금융
482690,14금융
484120,28전기·전자
484130,14금융
484590,26금속
484810,27기계·장비
486630,14금융
486990,
487360,14금융
487580,28전기·전자
487720,14금융
487830,14금융
488060,14금융
488280,
488900,30운송장비·부품
489210,14금융
489460,23화학
489480,14금융
489500,23화학
489730,14금융
490470,06일반서비스
491000,29의료·정밀기기
492220,14금융
493280,06일반서비스
493330,27기계·장비
493790,14금융
494120,29의료·정밀기기
496070,14금융
498390,14금융
950190,
950170,
950250,
950130,
950140,
950160,
950220,
950200,
900120,
900250,
900070,
900100,
